Created by PLY version 3.11 (http://www.dabeaz.com/ply)

Unused terminals:

    ARROW
    CARET
    COMPTIME
    ENUM
    EXTERN
    FATARROW
    INLINE
    PUB
    SWITCH
    TILDE
    UNION

Grammar

Rule 0     S' -> program
Rule 1     program -> declarations_opt
Rule 2     declarations_opt -> declarations
Rule 3     declarations_opt -> empty
Rule 4     declarations -> declarations declaration
Rule 5     declarations -> declaration
Rule 6     declaration -> var_decl SEMICOLON
Rule 7     declaration -> fn_decl
Rule 8     var_decl -> CONST IDENT type_annotation_opt EQ expression
Rule 9     var_decl -> VAR IDENT type_annotation_opt EQ expression
Rule 10    var_decl -> VAR IDENT type_annotation
Rule 11    type_annotation_opt -> type_annotation
Rule 12    type_annotation_opt -> empty
Rule 13    type_annotation -> COLON type_expr
Rule 14    fn_decl -> FN IDENT LPAREN params_opt RPAREN return_type_opt block
Rule 15    params_opt -> params
Rule 16    params_opt -> empty
Rule 17    params -> params COMMA param
Rule 18    params -> param
Rule 19    param -> IDENT COLON type_expr
Rule 20    return_type_opt -> type_expr
Rule 21    return_type_opt -> empty
Rule 22    type_expr -> IDENT
Rule 23    type_expr -> TYPE_VOID
Rule 24    type_expr -> TYPE_BOOL
Rule 25    type_expr -> TYPE_USIZE
Rule 26    type_expr -> TYPE_ISIZE
Rule 27    type_expr -> TYPE_U8
Rule 28    type_expr -> TYPE_U16
Rule 29    type_expr -> TYPE_U32
Rule 30    type_expr -> TYPE_U64
Rule 31    type_expr -> TYPE_I8
Rule 32    type_expr -> TYPE_I16
Rule 33    type_expr -> TYPE_I32
Rule 34    type_expr -> TYPE_I64
Rule 35    type_expr -> STRUCT LBRACE struct_fields_opt RBRACE
Rule 36    struct_fields_opt -> struct_fields
Rule 37    struct_fields_opt -> empty
Rule 38    struct_fields -> struct_fields struct_field
Rule 39    struct_fields -> struct_field
Rule 40    struct_field -> IDENT COLON type_expr COMMA
Rule 41    struct_field -> IDENT COLON type_expr
Rule 42    type_expr -> QUESTION type_expr
Rule 43    type_expr -> STAR type_expr
Rule 44    type_expr -> LBRACKET RBRACKET type_expr
Rule 45    type_expr -> LBRACKET expression RBRACKET type_expr
Rule 46    block -> LBRACE statements_opt RBRACE
Rule 47    statements_opt -> statements
Rule 48    statements_opt -> empty
Rule 49    statements -> statements statement
Rule 50    statements -> statement
Rule 51    statement -> var_decl SEMICOLON
Rule 52    statement -> return_stmt SEMICOLON
Rule 53    statement -> break_stmt SEMICOLON
Rule 54    statement -> continue_stmt SEMICOLON
Rule 55    statement -> assignment SEMICOLON
Rule 56    statement -> expr_stmt SEMICOLON
Rule 57    statement -> if_stmt
Rule 58    statement -> while_stmt
Rule 59    statement -> for_stmt
Rule 60    return_stmt -> RETURN expression
Rule 61    return_stmt -> RETURN
Rule 62    break_stmt -> BREAK
Rule 63    continue_stmt -> CONTINUE
Rule 64    if_stmt -> IF LPAREN expression RPAREN block else_opt
Rule 65    else_opt -> ELSE block
Rule 66    else_opt -> empty
Rule 67    while_stmt -> WHILE LPAREN expression RPAREN block
Rule 68    for_stmt -> FOR LPAREN expression RPAREN PIPE IDENT PIPE block
Rule 69    assignment -> postfix_expr EQ expression
Rule 70    assignment -> postfix_expr PLUS_EQ expression
Rule 71    assignment -> postfix_expr MINUS_EQ expression
Rule 72    assignment -> postfix_expr STAR_EQ expression
Rule 73    assignment -> postfix_expr SLASH_EQ expression
Rule 74    assignment -> postfix_expr PERCENT_EQ expression
Rule 75    expr_stmt -> expression
Rule 76    expression -> expression DOTDOT expression
Rule 77    expression -> expression PLUS expression
Rule 78    expression -> expression MINUS expression
Rule 79    expression -> expression STAR expression
Rule 80    expression -> expression SLASH expression
Rule 81    expression -> expression PERCENT expression
Rule 82    expression -> expression EQEQ expression
Rule 83    expression -> expression NE expression
Rule 84    expression -> expression LT expression
Rule 85    expression -> expression LE expression
Rule 86    expression -> expression GT expression
Rule 87    expression -> expression GE expression
Rule 88    expression -> expression ANDAND expression
Rule 89    expression -> expression OROR expression
Rule 90    expression -> MINUS expression
Rule 91    expression -> BANG expression
Rule 92    expression -> AMP expression
Rule 93    expression -> QUESTION expression
Rule 94    expression -> postfix_expr
Rule 95    postfix_expr -> primary
Rule 96    postfix_expr -> postfix_expr LPAREN args_opt RPAREN
Rule 97    postfix_expr -> postfix_expr DOT IDENT
Rule 98    postfix_expr -> postfix_expr LBRACKET expression RBRACKET
Rule 99    postfix_expr -> postfix_expr DOT STAR
Rule 100   args_opt -> args
Rule 101   args_opt -> empty
Rule 102   args -> args COMMA expression
Rule 103   args -> expression
Rule 104   primary -> STRUCT LBRACE struct_fields_opt RBRACE
Rule 105   primary -> DOT LBRACE args_opt RBRACE
Rule 106   primary -> INT
Rule 107   primary -> STRING
Rule 108   primary -> CHAR
Rule 109   primary -> TRUE
Rule 110   primary -> FALSE
Rule 111   primary -> NULL
Rule 112   primary -> UNDEFINED
Rule 113   primary -> IDENT
Rule 114   primary -> BUILTIN_IDENT
Rule 115   primary -> LPAREN expression RPAREN
Rule 116   empty -> <empty>

Terminals, with rules where they appear

AMP                  : 92
ANDAND               : 88
ARROW                : 
BANG                 : 91
BREAK                : 62
BUILTIN_IDENT        : 114
CARET                : 
CHAR                 : 108
COLON                : 13 19 40 41
COMMA                : 17 40 102
COMPTIME             : 
CONST                : 8
CONTINUE             : 63
DOT                  : 97 99 105
DOTDOT               : 76
ELSE                 : 65
ENUM                 : 
EQ                   : 8 9 69
EQEQ                 : 82
EXTERN               : 
FALSE                : 110
FATARROW             : 
FN                   : 14
FOR                  : 68
GE                   : 87
GT                   : 86
IDENT                : 8 9 10 14 19 22 40 41 68 97 113
IF                   : 64
INLINE               : 
INT                  : 106
LBRACE               : 35 46 104 105
LBRACKET             : 44 45 98
LE                   : 85
LPAREN               : 14 64 67 68 96 115
LT                   : 84
MINUS                : 78 90
MINUS_EQ             : 71
NE                   : 83
NULL                 : 111
OROR                 : 89
PERCENT              : 81
PERCENT_EQ           : 74
PIPE                 : 68 68
PLUS                 : 77
PLUS_EQ              : 70
PUB                  : 
QUESTION             : 42 93
RBRACE               : 35 46 104 105
RBRACKET             : 44 45 98
RETURN               : 60 61
RPAREN               : 14 64 67 68 96 115
SEMICOLON            : 6 51 52 53 54 55 56
SLASH                : 80
SLASH_EQ             : 73
STAR                 : 43 79 99
STAR_EQ              : 72
STRING               : 107
STRUCT               : 35 104
SWITCH               : 
TILDE                : 
TRUE                 : 109
TYPE_BOOL            : 24
TYPE_I16             : 32
TYPE_I32             : 33
TYPE_I64             : 34
TYPE_I8              : 31
TYPE_ISIZE           : 26
TYPE_U16             : 28
TYPE_U32             : 29
TYPE_U64             : 30
TYPE_U8              : 27
TYPE_USIZE           : 25
TYPE_VOID            : 23
UNDEFINED            : 112
UNION                : 
VAR                  : 9 10
WHILE                : 67
error                : 

Nonterminals, with rules where they appear

args                 : 100 102
args_opt             : 96 105
assignment           : 55
block                : 14 64 65 67 68
break_stmt           : 53
continue_stmt        : 54
declaration          : 4 5
declarations         : 2 4
declarations_opt     : 1
else_opt             : 64
empty                : 3 12 16 21 37 48 66 101
expr_stmt            : 56
expression           : 8 9 45 60 64 67 68 69 70 71 72 73 74 75 76 76 77 77 78 78 79 79 80 80 81 81 82 82 83 83 84 84 85 85 86 86 87 87 88 88 89 89 90 91 92 93 98 102 103 115
fn_decl              : 7
for_stmt             : 59
if_stmt              : 57
param                : 17 18
params               : 15 17
params_opt           : 14
postfix_expr         : 69 70 71 72 73 74 94 96 97 98 99
primary              : 95
program              : 0
return_stmt          : 52
return_type_opt      : 14
statement            : 49 50
statements           : 47 49
statements_opt       : 46
struct_field         : 38 39
struct_fields        : 36 38
struct_fields_opt    : 35 104
type_annotation      : 10 11
type_annotation_opt  : 8 9
type_expr            : 13 19 20 40 41 42 43 44 45
var_decl             : 6 51
while_stmt           : 58

Parsing method: LALR

state 0

    (0) S' -> . program
    (1) program -> . declarations_opt
    (2) declarations_opt -> . declarations
    (3) declarations_opt -> . empty
    (4) declarations -> . declarations declaration
    (5) declarations -> . declaration
    (116) empty -> .
    (6) declaration -> . var_decl SEMICOLON
    (7) declaration -> . fn_decl
    (8) var_decl -> . CONST IDENT type_annotation_opt EQ expression
    (9) var_decl -> . VAR IDENT type_annotation_opt EQ expression
    (10) var_decl -> . VAR IDENT type_annotation
    (14) fn_decl -> . FN IDENT LPAREN params_opt RPAREN return_type_opt block

    $end            reduce using rule 116 (empty -> .)
    CONST           shift and go to state 8
    VAR             shift and go to state 9
    FN              shift and go to state 10

    program                        shift and go to state 1
    declarations_opt               shift and go to state 2
    declarations                   shift and go to state 3
    empty                          shift and go to state 4
    declaration                    shift and go to state 5
    var_decl                       shift and go to state 6
    fn_decl                        shift and go to state 7

state 1

    (0) S' -> program .



state 2

    (1) program -> declarations_opt .

    $end            reduce using rule 1 (program -> declarations_opt .)


state 3

    (2) declarations_opt -> declarations .
    (4) declarations -> declarations . declaration
    (6) declaration -> . var_decl SEMICOLON
    (7) declaration -> . fn_decl
    (8) var_decl -> . CONST IDENT type_annotation_opt EQ expression
    (9) var_decl -> . VAR IDENT type_annotation_opt EQ expression
    (10) var_decl -> . VAR IDENT type_annotation
    (14) fn_decl -> . FN IDENT LPAREN params_opt RPAREN return_type_opt block

    $end            reduce using rule 2 (declarations_opt -> declarations .)
    CONST           shift and go to state 8
    VAR             shift and go to state 9
    FN              shift and go to state 10

    declaration                    shift and go to state 11
    var_decl                       shift and go to state 6
    fn_decl                        shift and go to state 7

state 4

    (3) declarations_opt -> empty .

    $end            reduce using rule 3 (declarations_opt -> empty .)


state 5

    (5) declarations -> declaration .

    CONST           reduce using rule 5 (declarations -> declaration .)
    VAR             reduce using rule 5 (declarations -> declaration .)
    FN              reduce using rule 5 (declarations -> declaration .)
    $end            reduce using rule 5 (declarations -> declaration .)


state 6

    (6) declaration -> var_decl . SEMICOLON

    SEMICOLON       shift and go to state 12


state 7

    (7) declaration -> fn_decl .

    CONST           reduce using rule 7 (declaration -> fn_decl .)
    VAR             reduce using rule 7 (declaration -> fn_decl .)
    FN              reduce using rule 7 (declaration -> fn_decl .)
    $end            reduce using rule 7 (declaration -> fn_decl .)


state 8

    (8) var_decl -> CONST . IDENT type_annotation_opt EQ expression

    IDENT           shift and go to state 13


state 9

    (9) var_decl -> VAR . IDENT type_annotation_opt EQ expression
    (10) var_decl -> VAR . IDENT type_annotation

    IDENT           shift and go to state 14


state 10

    (14) fn_decl -> FN . IDENT LPAREN params_opt RPAREN return_type_opt block

    IDENT           shift and go to state 15


state 11

    (4) declarations -> declarations declaration .

    CONST           reduce using rule 4 (declarations -> declarations declaration .)
    VAR             reduce using rule 4 (declarations -> declarations declaration .)
    FN              reduce using rule 4 (declarations -> declarations declaration .)
    $end            reduce using rule 4 (declarations -> declarations declaration .)


state 12

    (6) declaration -> var_decl SEMICOLON .

    CONST           reduce using rule 6 (declaration -> var_decl SEMICOLON .)
    VAR             reduce using rule 6 (declaration -> var_decl SEMICOLON .)
    FN              reduce using rule 6 (declaration -> var_decl SEMICOLON .)
    $end            reduce using rule 6 (declaration -> var_decl SEMICOLON .)


state 13

    (8) var_decl -> CONST IDENT . type_annotation_opt EQ expression
    (11) type_annotation_opt -> . type_annotation
    (12) type_annotation_opt -> . empty
    (13) type_annotation -> . COLON type_expr
    (116) empty -> .

    COLON           shift and go to state 19
    EQ              reduce using rule 116 (empty -> .)

    type_annotation_opt            shift and go to state 16
    type_annotation                shift and go to state 17
    empty                          shift and go to state 18

state 14

    (9) var_decl -> VAR IDENT . type_annotation_opt EQ expression
    (10) var_decl -> VAR IDENT . type_annotation
    (11) type_annotation_opt -> . type_annotation
    (12) type_annotation_opt -> . empty
    (13) type_annotation -> . COLON type_expr
    (116) empty -> .

    COLON           shift and go to state 19
    EQ              reduce using rule 116 (empty -> .)

    type_annotation_opt            shift and go to state 20
    type_annotation                shift and go to state 21
    empty                          shift and go to state 18

state 15

    (14) fn_decl -> FN IDENT . LPAREN params_opt RPAREN return_type_opt block

    LPAREN          shift and go to state 22


state 16

    (8) var_decl -> CONST IDENT type_annotation_opt . EQ expression

    EQ              shift and go to state 23


state 17

    (11) type_annotation_opt -> type_annotation .

    EQ              reduce using rule 11 (type_annotation_opt -> type_annotation .)


state 18

    (12) type_annotation_opt -> empty .

    EQ              reduce using rule 12 (type_annotation_opt -> empty .)


state 19

    (13) type_annotation -> COLON . type_expr
    (22) type_expr -> . IDENT
    (23) type_expr -> . TYPE_VOID
    (24) type_expr -> . TYPE_BOOL
    (25) type_expr -> . TYPE_USIZE
    (26) type_expr -> . TYPE_ISIZE
    (27) type_expr -> . TYPE_U8
    (28) type_expr -> . TYPE_U16
    (29) type_expr -> . TYPE_U32
    (30) type_expr -> . TYPE_U64
    (31) type_expr -> . TYPE_I8
    (32) type_expr -> . TYPE_I16
    (33) type_expr -> . TYPE_I32
    (34) type_expr -> . TYPE_I64
    (35) type_expr -> . STRUCT LBRACE struct_fields_opt RBRACE
    (42) type_expr -> . QUESTION type_expr
    (43) type_expr -> . STAR type_expr
    (44) type_expr -> . LBRACKET RBRACKET type_expr
    (45) type_expr -> . LBRACKET expression RBRACKET type_expr

    IDENT           shift and go to state 25
    TYPE_VOID       shift and go to state 26
    TYPE_BOOL       shift and go to state 27
    TYPE_USIZE      shift and go to state 28
    TYPE_ISIZE      shift and go to state 29
    TYPE_U8         shift and go to state 30
    TYPE_U16        shift and go to state 31
    TYPE_U32        shift and go to state 32
    TYPE_U64        shift and go to state 33
    TYPE_I8         shift and go to state 34
    TYPE_I16        shift and go to state 35
    TYPE_I32        shift and go to state 36
    TYPE_I64        shift and go to state 37
    STRUCT          shift and go to state 38
    QUESTION        shift and go to state 39
    STAR            shift and go to state 40
    LBRACKET        shift and go to state 41

    type_expr                      shift and go to state 24

state 20

    (9) var_decl -> VAR IDENT type_annotation_opt . EQ expression

    EQ              shift and go to state 42


state 21

    (10) var_decl -> VAR IDENT type_annotation .
    (11) type_annotation_opt -> type_annotation .

    SEMICOLON       reduce using rule 10 (var_decl -> VAR IDENT type_annotation .)
    EQ              reduce using rule 11 (type_annotation_opt -> type_annotation .)


state 22

    (14) fn_decl -> FN IDENT LPAREN . params_opt RPAREN return_type_opt block
    (15) params_opt -> . params
    (16) params_opt -> . empty
    (17) params -> . params COMMA param
    (18) params -> . param
    (116) empty -> .
    (19) param -> . IDENT COLON type_expr

    RPAREN          reduce using rule 116 (empty -> .)
    IDENT           shift and go to state 43

    params_opt                     shift and go to state 44
    params                         shift and go to state 45
    empty                          shift and go to state 46
    param                          shift and go to state 47

state 23

    (8) var_decl -> CONST IDENT type_annotation_opt EQ . expression
    (76) expression -> . expression DOTDOT expression
    (77) expression -> . expression PLUS expression
    (78) expression -> . expression MINUS expression
    (79) expression -> . expression STAR expression
    (80) expression -> . expression SLASH expression
    (81) expression -> . expression PERCENT expression
    (82) expression -> . expression EQEQ expression
    (83) expression -> . expression NE expression
    (84) expression -> . expression LT expression
    (85) expression -> . expression LE expression
    (86) expression -> . expression GT expression
    (87) expression -> . expression GE expression
    (88) expression -> . expression ANDAND expression
    (89) expression -> . expression OROR expression
    (90) expression -> . MINUS expression
    (91) expression -> . BANG expression
    (92) expression -> . AMP expression
    (93) expression -> . QUESTION expression
    (94) expression -> . postfix_expr
    (95) postfix_expr -> . primary
    (96) postfix_expr -> . postfix_expr LPAREN args_opt RPAREN
    (97) postfix_expr -> . postfix_expr DOT IDENT
    (98) postfix_expr -> . postfix_expr LBRACKET expression RBRACKET
    (99) postfix_expr -> . postfix_expr DOT STAR
    (104) primary -> . STRUCT LBRACE struct_fields_opt RBRACE
    (105) primary -> . DOT LBRACE args_opt RBRACE
    (106) primary -> . INT
    (107) primary -> . STRING
    (108) primary -> . CHAR
    (109) primary -> . TRUE
    (110) primary -> . FALSE
    (111) primary -> . NULL
    (112) primary -> . UNDEFINED
    (113) primary -> . IDENT
    (114) primary -> . BUILTIN_IDENT
    (115) primary -> . LPAREN expression RPAREN

    MINUS           shift and go to state 50
    BANG            shift and go to state 51
    AMP             shift and go to state 52
    QUESTION        shift and go to state 53
    STRUCT          shift and go to state 58
    DOT             shift and go to state 57
    INT             shift and go to state 59
    STRING          shift and go to state 60
    CHAR            shift and go to state 61
    TRUE            shift and go to state 62
    FALSE           shift and go to state 63
    NULL            shift and go to state 64
    UNDEFINED       shift and go to state 65
    IDENT           shift and go to state 48
    BUILTIN_IDENT   shift and go to state 66
    LPAREN          shift and go to state 56

    expression                     shift and go to state 49
    postfix_expr                   shift and go to state 54
    primary                        shift and go to state 55

state 24

    (13) type_annotation -> COLON type_expr .

    EQ              reduce using rule 13 (type_annotation -> COLON type_expr .)
    SEMICOLON       reduce using rule 13 (type_annotation -> COLON type_expr .)


state 25

    (22) type_expr -> IDENT .

    EQ              reduce using rule 22 (type_expr -> IDENT .)
    SEMICOLON       reduce using rule 22 (type_expr -> IDENT .)
    COMMA           reduce using rule 22 (type_expr -> IDENT .)
    RPAREN          reduce using rule 22 (type_expr -> IDENT .)
    LBRACE          reduce using rule 22 (type_expr -> IDENT .)
    IDENT           reduce using rule 22 (type_expr -> IDENT .)
    RBRACE          reduce using rule 22 (type_expr -> IDENT .)


state 26

    (23) type_expr -> TYPE_VOID .

    EQ              reduce using rule 23 (type_expr -> TYPE_VOID .)
    SEMICOLON       reduce using rule 23 (type_expr -> TYPE_VOID .)
    COMMA           reduce using rule 23 (type_expr -> TYPE_VOID .)
    RPAREN          reduce using rule 23 (type_expr -> TYPE_VOID .)
    LBRACE          reduce using rule 23 (type_expr -> TYPE_VOID .)
    IDENT           reduce using rule 23 (type_expr -> TYPE_VOID .)
    RBRACE          reduce using rule 23 (type_expr -> TYPE_VOID .)


state 27

    (24) type_expr -> TYPE_BOOL .

    EQ              reduce using rule 24 (type_expr -> TYPE_BOOL .)
    SEMICOLON       reduce using rule 24 (type_expr -> TYPE_BOOL .)
    COMMA           reduce using rule 24 (type_expr -> TYPE_BOOL .)
    RPAREN          reduce using rule 24 (type_expr -> TYPE_BOOL .)
    LBRACE          reduce using rule 24 (type_expr -> TYPE_BOOL .)
    IDENT           reduce using rule 24 (type_expr -> TYPE_BOOL .)
    RBRACE          reduce using rule 24 (type_expr -> TYPE_BOOL .)


state 28

    (25) type_expr -> TYPE_USIZE .

    EQ              reduce using rule 25 (type_expr -> TYPE_USIZE .)
    SEMICOLON       reduce using rule 25 (type_expr -> TYPE_USIZE .)
    COMMA           reduce using rule 25 (type_expr -> TYPE_USIZE .)
    RPAREN          reduce using rule 25 (type_expr -> TYPE_USIZE .)
    LBRACE          reduce using rule 25 (type_expr -> TYPE_USIZE .)
    IDENT           reduce using rule 25 (type_expr -> TYPE_USIZE .)
    RBRACE          reduce using rule 25 (type_expr -> TYPE_USIZE .)


state 29

    (26) type_expr -> TYPE_ISIZE .

    EQ              reduce using rule 26 (type_expr -> TYPE_ISIZE .)
    SEMICOLON       reduce using rule 26 (type_expr -> TYPE_ISIZE .)
    COMMA           reduce using rule 26 (type_expr -> TYPE_ISIZE .)
    RPAREN          reduce using rule 26 (type_expr -> TYPE_ISIZE .)
    LBRACE          reduce using rule 26 (type_expr -> TYPE_ISIZE .)
    IDENT           reduce using rule 26 (type_expr -> TYPE_ISIZE .)
    RBRACE          reduce using rule 26 (type_expr -> TYPE_ISIZE .)


state 30

    (27) type_expr -> TYPE_U8 .

    EQ              reduce using rule 27 (type_expr -> TYPE_U8 .)
    SEMICOLON       reduce using rule 27 (type_expr -> TYPE_U8 .)
    COMMA           reduce using rule 27 (type_expr -> TYPE_U8 .)
    RPAREN          reduce using rule 27 (type_expr -> TYPE_U8 .)
    LBRACE          reduce using rule 27 (type_expr -> TYPE_U8 .)
    IDENT           reduce using rule 27 (type_expr -> TYPE_U8 .)
    RBRACE          reduce using rule 27 (type_expr -> TYPE_U8 .)


state 31

    (28) type_expr -> TYPE_U16 .

    EQ              reduce using rule 28 (type_expr -> TYPE_U16 .)
    SEMICOLON       reduce using rule 28 (type_expr -> TYPE_U16 .)
    COMMA           reduce using rule 28 (type_expr -> TYPE_U16 .)
    RPAREN          reduce using rule 28 (type_expr -> TYPE_U16 .)
    LBRACE          reduce using rule 28 (type_expr -> TYPE_U16 .)
    IDENT           reduce using rule 28 (type_expr -> TYPE_U16 .)
    RBRACE          reduce using rule 28 (type_expr -> TYPE_U16 .)


state 32

    (29) type_expr -> TYPE_U32 .

    EQ              reduce using rule 29 (type_expr -> TYPE_U32 .)
    SEMICOLON       reduce using rule 29 (type_expr -> TYPE_U32 .)
    COMMA           reduce using rule 29 (type_expr -> TYPE_U32 .)
    RPAREN          reduce using rule 29 (type_expr -> TYPE_U32 .)
    LBRACE          reduce using rule 29 (type_expr -> TYPE_U32 .)
    IDENT           reduce using rule 29 (type_expr -> TYPE_U32 .)
    RBRACE          reduce using rule 29 (type_expr -> TYPE_U32 .)


state 33

    (30) type_expr -> TYPE_U64 .

    EQ              reduce using rule 30 (type_expr -> TYPE_U64 .)
    SEMICOLON       reduce using rule 30 (type_expr -> TYPE_U64 .)
    COMMA           reduce using rule 30 (type_expr -> TYPE_U64 .)
    RPAREN          reduce using rule 30 (type_expr -> TYPE_U64 .)
    LBRACE          reduce using rule 30 (type_expr -> TYPE_U64 .)
    IDENT           reduce using rule 30 (type_expr -> TYPE_U64 .)
    RBRACE          reduce using rule 30 (type_expr -> TYPE_U64 .)


state 34

    (31) type_expr -> TYPE_I8 .

    EQ              reduce using rule 31 (type_expr -> TYPE_I8 .)
    SEMICOLON       reduce using rule 31 (type_expr -> TYPE_I8 .)
    COMMA           reduce using rule 31 (type_expr -> TYPE_I8 .)
    RPAREN          reduce using rule 31 (type_expr -> TYPE_I8 .)
    LBRACE          reduce using rule 31 (type_expr -> TYPE_I8 .)
    IDENT           reduce using rule 31 (type_expr -> TYPE_I8 .)
    RBRACE          reduce using rule 31 (type_expr -> TYPE_I8 .)


state 35

    (32) type_expr -> TYPE_I16 .

    EQ              reduce using rule 32 (type_expr -> TYPE_I16 .)
    SEMICOLON       reduce using rule 32 (type_expr -> TYPE_I16 .)
    COMMA           reduce using rule 32 (type_expr -> TYPE_I16 .)
    RPAREN          reduce using rule 32 (type_expr -> TYPE_I16 .)
    LBRACE          reduce using rule 32 (type_expr -> TYPE_I16 .)
    IDENT           reduce using rule 32 (type_expr -> TYPE_I16 .)
    RBRACE          reduce using rule 32 (type_expr -> TYPE_I16 .)


state 36

    (33) type_expr -> TYPE_I32 .

    EQ              reduce using rule 33 (type_expr -> TYPE_I32 .)
    SEMICOLON       reduce using rule 33 (type_expr -> TYPE_I32 .)
    COMMA           reduce using rule 33 (type_expr -> TYPE_I32 .)
    RPAREN          reduce using rule 33 (type_expr -> TYPE_I32 .)
    LBRACE          reduce using rule 33 (type_expr -> TYPE_I32 .)
    IDENT           reduce using rule 33 (type_expr -> TYPE_I32 .)
    RBRACE          reduce using rule 33 (type_expr -> TYPE_I32 .)


state 37

    (34) type_expr -> TYPE_I64 .

    EQ              reduce using rule 34 (type_expr -> TYPE_I64 .)
    SEMICOLON       reduce using rule 34 (type_expr -> TYPE_I64 .)
    COMMA           reduce using rule 34 (type_expr -> TYPE_I64 .)
    RPAREN          reduce using rule 34 (type_expr -> TYPE_I64 .)
    LBRACE          reduce using rule 34 (type_expr -> TYPE_I64 .)
    IDENT           reduce using rule 34 (type_expr -> TYPE_I64 .)
    RBRACE          reduce using rule 34 (type_expr -> TYPE_I64 .)


state 38

    (35) type_expr -> STRUCT . LBRACE struct_fields_opt RBRACE

    LBRACE          shift and go to state 67


state 39

    (42) type_expr -> QUESTION . type_expr
    (22) type_expr -> . IDENT
    (23) type_expr -> . TYPE_VOID
    (24) type_expr -> . TYPE_BOOL
    (25) type_expr -> . TYPE_USIZE
    (26) type_expr -> . TYPE_ISIZE
    (27) type_expr -> . TYPE_U8
    (28) type_expr -> . TYPE_U16
    (29) type_expr -> . TYPE_U32
    (30) type_expr -> . TYPE_U64
    (31) type_expr -> . TYPE_I8
    (32) type_expr -> . TYPE_I16
    (33) type_expr -> . TYPE_I32
    (34) type_expr -> . TYPE_I64
    (35) type_expr -> . STRUCT LBRACE struct_fields_opt RBRACE
    (42) type_expr -> . QUESTION type_expr
    (43) type_expr -> . STAR type_expr
    (44) type_expr -> . LBRACKET RBRACKET type_expr
    (45) type_expr -> . LBRACKET expression RBRACKET type_expr

    IDENT           shift and go to state 25
    TYPE_VOID       shift and go to state 26
    TYPE_BOOL       shift and go to state 27
    TYPE_USIZE      shift and go to state 28
    TYPE_ISIZE      shift and go to state 29
    TYPE_U8         shift and go to state 30
    TYPE_U16        shift and go to state 31
    TYPE_U32        shift and go to state 32
    TYPE_U64        shift and go to state 33
    TYPE_I8         shift and go to state 34
    TYPE_I16        shift and go to state 35
    TYPE_I32        shift and go to state 36
    TYPE_I64        shift and go to state 37
    STRUCT          shift and go to state 38
    QUESTION        shift and go to state 39
    STAR            shift and go to state 40
    LBRACKET        shift and go to state 41

    type_expr                      shift and go to state 68

state 40

    (43) type_expr -> STAR . type_expr
    (22) type_expr -> . IDENT
    (23) type_expr -> . TYPE_VOID
    (24) type_expr -> . TYPE_BOOL
    (25) type_expr -> . TYPE_USIZE
    (26) type_expr -> . TYPE_ISIZE
    (27) type_expr -> . TYPE_U8
    (28) type_expr -> . TYPE_U16
    (29) type_expr -> . TYPE_U32
    (30) type_expr -> . TYPE_U64
    (31) type_expr -> . TYPE_I8
    (32) type_expr -> . TYPE_I16
    (33) type_expr -> . TYPE_I32
    (34) type_expr -> . TYPE_I64
    (35) type_expr -> . STRUCT LBRACE struct_fields_opt RBRACE
    (42) type_expr -> . QUESTION type_expr
    (43) type_expr -> . STAR type_expr
    (44) type_expr -> . LBRACKET RBRACKET type_expr
    (45) type_expr -> . LBRACKET expression RBRACKET type_expr

    IDENT           shift and go to state 25
    TYPE_VOID       shift and go to state 26
    TYPE_BOOL       shift and go to state 27
    TYPE_USIZE      shift and go to state 28
    TYPE_ISIZE      shift and go to state 29
    TYPE_U8         shift and go to state 30
    TYPE_U16        shift and go to state 31
    TYPE_U32        shift and go to state 32
    TYPE_U64        shift and go to state 33
    TYPE_I8         shift and go to state 34
    TYPE_I16        shift and go to state 35
    TYPE_I32        shift and go to state 36
    TYPE_I64        shift and go to state 37
    STRUCT          shift and go to state 38
    QUESTION        shift and go to state 39
    STAR            shift and go to state 40
    LBRACKET        shift and go to state 41

    type_expr                      shift and go to state 69

state 41

    (44) type_expr -> LBRACKET . RBRACKET type_expr
    (45) type_expr -> LBRACKET . expression RBRACKET type_expr
    (76) expression -> . expression DOTDOT expression
    (77) expression -> . expression PLUS expression
    (78) expression -> . expression MINUS expression
    (79) expression -> . expression STAR expression
    (80) expression -> . expression SLASH expression
    (81) expression -> . expression PERCENT expression
    (82) expression -> . expression EQEQ expression
    (83) expression -> . expression NE expression
    (84) expression -> . expression LT expression
    (85) expression -> . expression LE expression
    (86) expression -> . expression GT expression
    (87) expression -> . expression GE expression
    (88) expression -> . expression ANDAND expression
    (89) expression -> . expression OROR expression
    (90) expression -> . MINUS expression
    (91) expression -> . BANG expression
    (92) expression -> . AMP expression
    (93) expression -> . QUESTION expression
    (94) expression -> . postfix_expr
    (95) postfix_expr -> . primary
    (96) postfix_expr -> . postfix_expr LPAREN args_opt RPAREN
    (97) postfix_expr -> . postfix_expr DOT IDENT
    (98) postfix_expr -> . postfix_expr LBRACKET expression RBRACKET
    (99) postfix_expr -> . postfix_expr DOT STAR
    (104) primary -> . STRUCT LBRACE struct_fields_opt RBRACE
    (105) primary -> . DOT LBRACE args_opt RBRACE
    (106) primary -> . INT
    (107) primary -> . STRING
    (108) primary -> . CHAR
    (109) primary -> . TRUE
    (110) primary -> . FALSE
    (111) primary -> . NULL
    (112) primary -> . UNDEFINED
    (113) primary -> . IDENT
    (114) primary -> . BUILTIN_IDENT
    (115) primary -> . LPAREN expression RPAREN

    RBRACKET        shift and go to state 70
    MINUS           shift and go to state 50
    BANG            shift and go to state 51
    AMP             shift and go to state 52
    QUESTION        shift and go to state 53
    STRUCT          shift and go to state 58
    DOT             shift and go to state 57
    INT             shift and go to state 59
    STRING          shift and go to state 60
    CHAR            shift and go to state 61
    TRUE            shift and go to state 62
    FALSE           shift and go to state 63
    NULL            shift and go to state 64
    UNDEFINED       shift and go to state 65
    IDENT           shift and go to state 48
    BUILTIN_IDENT   shift and go to state 66
    LPAREN          shift and go to state 56

    expression                     shift and go to state 71
    postfix_expr                   shift and go to state 54
    primary                        shift and go to state 55

state 42

    (9) var_decl -> VAR IDENT type_annotation_opt EQ . expression
    (76) expression -> . expression DOTDOT expression
    (77) expression -> . expression PLUS expression
    (78) expression -> . expression MINUS expression
    (79) expression -> . expression STAR expression
    (80) expression -> . expression SLASH expression
    (81) expression -> . expression PERCENT expression
    (82) expression -> . expression EQEQ expression
    (83) expression -> . expression NE expression
    (84) expression -> . expression LT expression
    (85) expression -> . expression LE expression
    (86) expression -> . expression GT expression
    (87) expression -> . expression GE expression
    (88) expression -> . expression ANDAND expression
    (89) expression -> . expression OROR expression
    (90) expression -> . MINUS expression
    (91) expression -> . BANG expression
    (92) expression -> . AMP expression
    (93) expression -> . QUESTION expression
    (94) expression -> . postfix_expr
    (95) postfix_expr -> . primary
    (96) postfix_expr -> . postfix_expr LPAREN args_opt RPAREN
    (97) postfix_expr -> . postfix_expr DOT IDENT
    (98) postfix_expr -> . postfix_expr LBRACKET expression RBRACKET
    (99) postfix_expr -> . postfix_expr DOT STAR
    (104) primary -> . STRUCT LBRACE struct_fields_opt RBRACE
    (105) primary -> . DOT LBRACE args_opt RBRACE
    (106) primary -> . INT
    (107) primary -> . STRING
    (108) primary -> . CHAR
    (109) primary -> . TRUE
    (110) primary -> . FALSE
    (111) primary -> . NULL
    (112) primary -> . UNDEFINED
    (113) primary -> . IDENT
    (114) primary -> . BUILTIN_IDENT
    (115) primary -> . LPAREN expression RPAREN

    MINUS           shift and go to state 50
    BANG            shift and go to state 51
    AMP             shift and go to state 52
    QUESTION        shift and go to state 53
    STRUCT          shift and go to state 58
    DOT             shift and go to state 57
    INT             shift and go to state 59
    STRING          shift and go to state 60
    CHAR            shift and go to state 61
    TRUE            shift and go to state 62
    FALSE           shift and go to state 63
    NULL            shift and go to state 64
    UNDEFINED       shift and go to state 65
    IDENT           shift and go to state 48
    BUILTIN_IDENT   shift and go to state 66
    LPAREN          shift and go to state 56

    expression                     shift and go to state 72
    postfix_expr                   shift and go to state 54
    primary                        shift and go to state 55

state 43

    (19) param -> IDENT . COLON type_expr

    COLON           shift and go to state 73


state 44

    (14) fn_decl -> FN IDENT LPAREN params_opt . RPAREN return_type_opt block

    RPAREN          shift and go to state 74


state 45

    (15) params_opt -> params .
    (17) params -> params . COMMA param

    RPAREN          reduce using rule 15 (params_opt -> params .)
    COMMA           shift and go to state 75


state 46

    (16) params_opt -> empty .

    RPAREN          reduce using rule 16 (params_opt -> empty .)


state 47

    (18) params -> param .

    COMMA           reduce using rule 18 (params -> param .)
    RPAREN          reduce using rule 18 (params -> param .)


state 48

    (113) primary -> IDENT .

    LPAREN          reduce using rule 113 (primary -> IDENT .)
    DOT             reduce using rule 113 (primary -> IDENT .)
    LBRACKET        reduce using rule 113 (primary -> IDENT .)
    DOTDOT          reduce using rule 113 (primary -> IDENT .)
    PLUS            reduce using rule 113 (primary -> IDENT .)
    MINUS           reduce using rule 113 (primary -> IDENT .)
    STAR            reduce using rule 113 (primary -> IDENT .)
    SLASH           reduce using rule 113 (primary -> IDENT .)
    PERCENT         reduce using rule 113 (primary -> IDENT .)
    EQEQ            reduce using rule 113 (primary -> IDENT .)
    NE              reduce using rule 113 (primary -> IDENT .)
    LT              reduce using rule 113 (primary -> IDENT .)
    LE              reduce using rule 113 (primary -> IDENT .)
    GT              reduce using rule 113 (primary -> IDENT .)
    GE              reduce using rule 113 (primary -> IDENT .)
    ANDAND          reduce using rule 113 (primary -> IDENT .)
    OROR            reduce using rule 113 (primary -> IDENT .)
    SEMICOLON       reduce using rule 113 (primary -> IDENT .)
    RBRACKET        reduce using rule 113 (primary -> IDENT .)
    RPAREN          reduce using rule 113 (primary -> IDENT .)
    COMMA           reduce using rule 113 (primary -> IDENT .)
    RBRACE          reduce using rule 113 (primary -> IDENT .)
    EQ              reduce using rule 113 (primary -> IDENT .)
    PLUS_EQ         reduce using rule 113 (primary -> IDENT .)
    MINUS_EQ        reduce using rule 113 (primary -> IDENT .)
    STAR_EQ         reduce using rule 113 (primary -> IDENT .)
    SLASH_EQ        reduce using rule 113 (primary -> IDENT .)
    PERCENT_EQ      reduce using rule 113 (primary -> IDENT .)


state 49

    (8) var_decl -> CONST IDENT type_annotation_opt EQ expression .
    (76) expression -> expression . DOTDOT expression
    (77) expression -> expression . PLUS expression
    (78) expression -> expression . MINUS expression
    (79) expression -> expression . STAR expression
    (80) expression -> expression . SLASH expression
    (81) expression -> expression . PERCENT expression
    (82) expression -> expression . EQEQ expression
    (83) expression -> expression . NE expression
    (84) expression -> expression . LT expression
    (85) expression -> expression . LE expression
    (86) expression -> expression . GT expression
    (87) expression -> expression . GE expression
    (88) expression -> expression . ANDAND expression
    (89) expression -> expression . OROR expression

    SEMICOLON       reduce using rule 8 (var_decl -> CONST IDENT type_annotation_opt EQ expression .)
    DOTDOT          shift and go to state 76
    PLUS            shift and go to state 77
    MINUS           shift and go to state 78
    STAR            shift and go to state 79
    SLASH           shift and go to state 80
    PERCENT         shift and go to state 81
    EQEQ            shift and go to state 82
    NE              shift and go to state 83
    LT              shift and go to state 84
    LE              shift and go to state 85
    GT              shift and go to state 86
    GE              shift and go to state 87
    ANDAND          shift and go to state 88
    OROR            shift and go to state 89


state 50

    (90) expression -> MINUS . expression
    (76) expression -> . expression DOTDOT expression
    (77) expression -> . expression PLUS expression
    (78) expression -> . expression MINUS expression
    (79) expression -> . expression STAR expression
    (80) expression -> . expression SLASH expression
    (81) expression -> . expression PERCENT expression
    (82) expression -> . expression EQEQ expression
    (83) expression -> . expression NE expression
    (84) expression -> . expression LT expression
    (85) expression -> . expression LE expression
    (86) expression -> . expression GT expression
    (87) expression -> . expression GE expression
    (88) expression -> . expression ANDAND expression
    (89) expression -> . expression OROR expression
    (90) expression -> . MINUS expression
    (91) expression -> . BANG expression
    (92) expression -> . AMP expression
    (93) expression -> . QUESTION expression
    (94) expression -> . postfix_expr
    (95) postfix_expr -> . primary
    (96) postfix_expr -> . postfix_expr LPAREN args_opt RPAREN
    (97) postfix_expr -> . postfix_expr DOT IDENT
    (98) postfix_expr -> . postfix_expr LBRACKET expression RBRACKET
    (99) postfix_expr -> . postfix_expr DOT STAR
    (104) primary -> . STRUCT LBRACE struct_fields_opt RBRACE
    (105) primary -> . DOT LBRACE args_opt RBRACE
    (106) primary -> . INT
    (107) primary -> . STRING
    (108) primary -> . CHAR
    (109) primary -> . TRUE
    (110) primary -> . FALSE
    (111) primary -> . NULL
    (112) primary -> . UNDEFINED
    (113) primary -> . IDENT
    (114) primary -> . BUILTIN_IDENT
    (115) primary -> . LPAREN expression RPAREN

    MINUS           shift and go to state 50
    BANG            shift and go to state 51
    AMP             shift and go to state 52
    QUESTION        shift and go to state 53
    STRUCT          shift and go to state 58
    DOT             shift and go to state 57
    INT             shift and go to state 59
    STRING          shift and go to state 60
    CHAR            shift and go to state 61
    TRUE            shift and go to state 62
    FALSE           shift and go to state 63
    NULL            shift and go to state 64
    UNDEFINED       shift and go to state 65
    IDENT           shift and go to state 48
    BUILTIN_IDENT   shift and go to state 66
    LPAREN          shift and go to state 56

    expression                     shift and go to state 90
    postfix_expr                   shift and go to state 54
    primary                        shift and go to state 55

state 51

    (91) expression -> BANG . expression
    (76) expression -> . expression DOTDOT expression
    (77) expression -> . expression PLUS expression
    (78) expression -> . expression MINUS expression
    (79) expression -> . expression STAR expression
    (80) expression -> . expression SLASH expression
    (81) expression -> . expression PERCENT expression
    (82) expression -> . expression EQEQ expression
    (83) expression -> . expression NE expression
    (84) expression -> . expression LT expression
    (85) expression -> . expression LE expression
    (86) expression -> . expression GT expression
    (87) expression -> . expression GE expression
    (88) expression -> . expression ANDAND expression
    (89) expression -> . expression OROR expression
    (90) expression -> . MINUS expression
    (91) expression -> . BANG expression
    (92) expression -> . AMP expression
    (93) expression -> . QUESTION expression
    (94) expression -> . postfix_expr
    (95) postfix_expr -> . primary
    (96) postfix_expr -> . postfix_expr LPAREN args_opt RPAREN
    (97) postfix_expr -> . postfix_expr DOT IDENT
    (98) postfix_expr -> . postfix_expr LBRACKET expression RBRACKET
    (99) postfix_expr -> . postfix_expr DOT STAR
    (104) primary -> . STRUCT LBRACE struct_fields_opt RBRACE
    (105) primary -> . DOT LBRACE args_opt RBRACE
    (106) primary -> . INT
    (107) primary -> . STRING
    (108) primary -> . CHAR
    (109) primary -> . TRUE
    (110) primary -> . FALSE
    (111) primary -> . NULL
    (112) primary -> . UNDEFINED
    (113) primary -> . IDENT
    (114) primary -> . BUILTIN_IDENT
    (115) primary -> . LPAREN expression RPAREN

    MINUS           shift and go to state 50
    BANG            shift and go to state 51
    AMP             shift and go to state 52
    QUESTION        shift and go to state 53
    STRUCT          shift and go to state 58
    DOT             shift and go to state 57
    INT             shift and go to state 59
    STRING          shift and go to state 60
    CHAR            shift and go to state 61
    TRUE            shift and go to state 62
    FALSE           shift and go to state 63
    NULL            shift and go to state 64
    UNDEFINED       shift and go to state 65
    IDENT           shift and go to state 48
    BUILTIN_IDENT   shift and go to state 66
    LPAREN          shift and go to state 56

    expression                     shift and go to state 91
    postfix_expr                   shift and go to state 54
    primary                        shift and go to state 55

state 52

    (92) expression -> AMP . expression
    (76) expression -> . expression DOTDOT expression
    (77) expression -> . expression PLUS expression
    (78) expression -> . expression MINUS expression
    (79) expression -> . expression STAR expression
    (80) expression -> . expression SLASH expression
    (81) expression -> . expression PERCENT expression
    (82) expression -> . expression EQEQ expression
    (83) expression -> . expression NE expression
    (84) expression -> . expression LT expression
    (85) expression -> . expression LE expression
    (86) expression -> . expression GT expression
    (87) expression -> . expression GE expression
    (88) expression -> . expression ANDAND expression
    (89) expression -> . expression OROR expression
    (90) expression -> . MINUS expression
    (91) expression -> . BANG expression
    (92) expression -> . AMP expression
    (93) expression -> . QUESTION expression
    (94) expression -> . postfix_expr
    (95) postfix_expr -> . primary
    (96) postfix_expr -> . postfix_expr LPAREN args_opt RPAREN
    (97) postfix_expr -> . postfix_expr DOT IDENT
    (98) postfix_expr -> . postfix_expr LBRACKET expression RBRACKET
    (99) postfix_expr -> . postfix_expr DOT STAR
    (104) primary -> . STRUCT LBRACE struct_fields_opt RBRACE
    (105) primary -> . DOT LBRACE args_opt RBRACE
    (106) primary -> . INT
    (107) primary -> . STRING
    (108) primary -> . CHAR
    (109) primary -> . TRUE
    (110) primary -> . FALSE
    (111) primary -> . NULL
    (112) primary -> . UNDEFINED
    (113) primary -> . IDENT
    (114) primary -> . BUILTIN_IDENT
    (115) primary -> . LPAREN expression RPAREN

    MINUS           shift and go to state 50
    BANG            shift and go to state 51
    AMP             shift and go to state 52
    QUESTION        shift and go to state 53
    STRUCT          shift and go to state 58
    DOT             shift and go to state 57
    INT             shift and go to state 59
    STRING          shift and go to state 60
    CHAR            shift and go to state 61
    TRUE            shift and go to state 62
    FALSE           shift and go to state 63
    NULL            shift and go to state 64
    UNDEFINED       shift and go to state 65
    IDENT           shift and go to state 48
    BUILTIN_IDENT   shift and go to state 66
    LPAREN          shift and go to state 56

    expression                     shift and go to state 92
    postfix_expr                   shift and go to state 54
    primary                        shift and go to state 55

state 53

    (93) expression -> QUESTION . expression
    (76) expression -> . expression DOTDOT expression
    (77) expression -> . expression PLUS expression
    (78) expression -> . expression MINUS expression
    (79) expression -> . expression STAR expression
    (80) expression -> . expression SLASH expression
    (81) expression -> . expression PERCENT expression
    (82) expression -> . expression EQEQ expression
    (83) expression -> . expression NE expression
    (84) expression -> . expression LT expression
    (85) expression -> . expression LE expression
    (86) expression -> . expression GT expression
    (87) expression -> . expression GE expression
    (88) expression -> . expression ANDAND expression
    (89) expression -> . expression OROR expression
    (90) expression -> . MINUS expression
    (91) expression -> . BANG expression
    (92) expression -> . AMP expression
    (93) expression -> . QUESTION expression
    (94) expression -> . postfix_expr
    (95) postfix_expr -> . primary
    (96) postfix_expr -> . postfix_expr LPAREN args_opt RPAREN
    (97) postfix_expr -> . postfix_expr DOT IDENT
    (98) postfix_expr -> . postfix_expr LBRACKET expression RBRACKET
    (99) postfix_expr -> . postfix_expr DOT STAR
    (104) primary -> . STRUCT LBRACE struct_fields_opt RBRACE
    (105) primary -> . DOT LBRACE args_opt RBRACE
    (106) primary -> . INT
    (107) primary -> . STRING
    (108) primary -> . CHAR
    (109) primary -> . TRUE
    (110) primary -> . FALSE
    (111) primary -> . NULL
    (112) primary -> . UNDEFINED
    (113) primary -> . IDENT
    (114) primary -> . BUILTIN_IDENT
    (115) primary -> . LPAREN expression RPAREN

    MINUS           shift and go to state 50
    BANG            shift and go to state 51
    AMP             shift and go to state 52
    QUESTION        shift and go to state 53
    STRUCT          shift and go to state 58
    DOT             shift and go to state 57
    INT             shift and go to state 59
    STRING          shift and go to state 60
    CHAR            shift and go to state 61
    TRUE            shift and go to state 62
    FALSE           shift and go to state 63
    NULL            shift and go to state 64
    UNDEFINED       shift and go to state 65
    IDENT           shift and go to state 48
    BUILTIN_IDENT   shift and go to state 66
    LPAREN          shift and go to state 56

    expression                     shift and go to state 93
    postfix_expr                   shift and go to state 54
    primary                        shift and go to state 55

state 54

    (94) expression -> postfix_expr .
    (96) postfix_expr -> postfix_expr . LPAREN args_opt RPAREN
    (97) postfix_expr -> postfix_expr . DOT IDENT
    (98) postfix_expr -> postfix_expr . LBRACKET expression RBRACKET
    (99) postfix_expr -> postfix_expr . DOT STAR

    DOTDOT          reduce using rule 94 (expression -> postfix_expr .)
    PLUS            reduce using rule 94 (expression -> postfix_expr .)
    MINUS           reduce using rule 94 (expression -> postfix_expr .)
    STAR            reduce using rule 94 (expression -> postfix_expr .)
    SLASH           reduce using rule 94 (expression -> postfix_expr .)
    PERCENT         reduce using rule 94 (expression -> postfix_expr .)
    EQEQ            reduce using rule 94 (expression -> postfix_expr .)
    NE              reduce using rule 94 (expression -> postfix_expr .)
    LT              reduce using rule 94 (expression -> postfix_expr .)
    LE              reduce using rule 94 (expression -> postfix_expr .)
    GT              reduce using rule 94 (expression -> postfix_expr .)
    GE              reduce using rule 94 (expression -> postfix_expr .)
    ANDAND          reduce using rule 94 (expression -> postfix_expr .)
    OROR            reduce using rule 94 (expression -> postfix_expr .)
    SEMICOLON       reduce using rule 94 (expression -> postfix_expr .)
    RBRACKET        reduce using rule 94 (expression -> postfix_expr .)
    RPAREN          reduce using rule 94 (expression -> postfix_expr .)
    COMMA           reduce using rule 94 (expression -> postfix_expr .)
    RBRACE          reduce using rule 94 (expression -> postfix_expr .)
    LPAREN          shift and go to state 94
    DOT             shift and go to state 95
    LBRACKET        shift and go to state 96


state 55

    (95) postfix_expr -> primary .

    LPAREN          reduce using rule 95 (postfix_expr -> primary .)
    DOT             reduce using rule 95 (postfix_expr -> primary .)
    LBRACKET        reduce using rule 95 (postfix_expr -> primary .)
    DOTDOT          reduce using rule 95 (postfix_expr -> primary .)
    PLUS            reduce using rule 95 (postfix_expr -> primary .)
    MINUS           reduce using rule 95 (postfix_expr -> primary .)
    STAR            reduce using rule 95 (postfix_expr -> primary .)
    SLASH           reduce using rule 95 (postfix_expr -> primary .)
    PERCENT         reduce using rule 95 (postfix_expr -> primary .)
    EQEQ            reduce using rule 95 (postfix_expr -> primary .)
    NE              reduce using rule 95 (postfix_expr -> primary .)
    LT              reduce using rule 95 (postfix_expr -> primary .)
    LE              reduce using rule 95 (postfix_expr -> primary .)
    GT              reduce using rule 95 (postfix_expr -> primary .)
    GE              reduce using rule 95 (postfix_expr -> primary .)
    ANDAND          reduce using rule 95 (postfix_expr -> primary .)
    OROR            reduce using rule 95 (postfix_expr -> primary .)
    SEMICOLON       reduce using rule 95 (postfix_expr -> primary .)
    RBRACKET        reduce using rule 95 (postfix_expr -> primary .)
    RPAREN          reduce using rule 95 (postfix_expr -> primary .)
    COMMA           reduce using rule 95 (postfix_expr -> primary .)
    RBRACE          reduce using rule 95 (postfix_expr -> primary .)
    EQ              reduce using rule 95 (postfix_expr -> primary .)
    PLUS_EQ         reduce using rule 95 (postfix_expr -> primary .)
    MINUS_EQ        reduce using rule 95 (postfix_expr -> primary .)
    STAR_EQ         reduce using rule 95 (postfix_expr -> primary .)
    SLASH_EQ        reduce using rule 95 (postfix_expr -> primary .)
    PERCENT_EQ      reduce using rule 95 (postfix_expr -> primary .)


state 56

    (115) primary -> LPAREN . expression RPAREN
    (76) expression -> . expression DOTDOT expression
    (77) expression -> . expression PLUS expression
    (78) expression -> . expression MINUS expression
    (79) expression -> . expression STAR expression
    (80) expression -> . expression SLASH expression
    (81) expression -> . expression PERCENT expression
    (82) expression -> . expression EQEQ expression
    (83) expression -> . expression NE expression
    (84) expression -> . expression LT expression
    (85) expression -> . expression LE expression
    (86) expression -> . expression GT expression
    (87) expression -> . expression GE expression
    (88) expression -> . expression ANDAND expression
    (89) expression -> . expression OROR expression
    (90) expression -> . MINUS expression
    (91) expression -> . BANG expression
    (92) expression -> . AMP expression
    (93) expression -> . QUESTION expression
    (94) expression -> . postfix_expr
    (95) postfix_expr -> . primary
    (96) postfix_expr -> . postfix_expr LPAREN args_opt RPAREN
    (97) postfix_expr -> . postfix_expr DOT IDENT
    (98) postfix_expr -> . postfix_expr LBRACKET expression RBRACKET
    (99) postfix_expr -> . postfix_expr DOT STAR
    (104) primary -> . STRUCT LBRACE struct_fields_opt RBRACE
    (105) primary -> . DOT LBRACE args_opt RBRACE
    (106) primary -> . INT
    (107) primary -> . STRING
    (108) primary -> . CHAR
    (109) primary -> . TRUE
    (110) primary -> . FALSE
    (111) primary -> . NULL
    (112) primary -> . UNDEFINED
    (113) primary -> . IDENT
    (114) primary -> . BUILTIN_IDENT
    (115) primary -> . LPAREN expression RPAREN

    MINUS           shift and go to state 50
    BANG            shift and go to state 51
    AMP             shift and go to state 52
    QUESTION        shift and go to state 53
    STRUCT          shift and go to state 58
    DOT             shift and go to state 57
    INT             shift and go to state 59
    STRING          shift and go to state 60
    CHAR            shift and go to state 61
    TRUE            shift and go to state 62
    FALSE           shift and go to state 63
    NULL            shift and go to state 64
    UNDEFINED       shift and go to state 65
    IDENT           shift and go to state 48
    BUILTIN_IDENT   shift and go to state 66
    LPAREN          shift and go to state 56

    expression                     shift and go to state 97
    postfix_expr                   shift and go to state 54
    primary                        shift and go to state 55

state 57

    (105) primary -> DOT . LBRACE args_opt RBRACE

    LBRACE          shift and go to state 98


state 58

    (104) primary -> STRUCT . LBRACE struct_fields_opt RBRACE

    LBRACE          shift and go to state 99


state 59

    (106) primary -> INT .

    LPAREN          reduce using rule 106 (primary -> INT .)
    DOT             reduce using rule 106 (primary -> INT .)
    LBRACKET        reduce using rule 106 (primary -> INT .)
    DOTDOT          reduce using rule 106 (primary -> INT .)
    PLUS            reduce using rule 106 (primary -> INT .)
    MINUS           reduce using rule 106 (primary -> INT .)
    STAR            reduce using rule 106 (primary -> INT .)
    SLASH           reduce using rule 106 (primary -> INT .)
    PERCENT         reduce using rule 106 (primary -> INT .)
    EQEQ            reduce using rule 106 (primary -> INT .)
    NE              reduce using rule 106 (primary -> INT .)
    LT              reduce using rule 106 (primary -> INT .)
    LE              reduce using rule 106 (primary -> INT .)
    GT              reduce using rule 106 (primary -> INT .)
    GE              reduce using rule 106 (primary -> INT .)
    ANDAND          reduce using rule 106 (primary -> INT .)
    OROR            reduce using rule 106 (primary -> INT .)
    SEMICOLON       reduce using rule 106 (primary -> INT .)
    RBRACKET        reduce using rule 106 (primary -> INT .)
    RPAREN          reduce using rule 106 (primary -> INT .)
    COMMA           reduce using rule 106 (primary -> INT .)
    RBRACE          reduce using rule 106 (primary -> INT .)
    EQ              reduce using rule 106 (primary -> INT .)
    PLUS_EQ         reduce using rule 106 (primary -> INT .)
    MINUS_EQ        reduce using rule 106 (primary -> INT .)
    STAR_EQ         reduce using rule 106 (primary -> INT .)
    SLASH_EQ        reduce using rule 106 (primary -> INT .)
    PERCENT_EQ      reduce using rule 106 (primary -> INT .)


state 60

    (107) primary -> STRING .

    LPAREN          reduce using rule 107 (primary -> STRING .)
    DOT             reduce using rule 107 (primary -> STRING .)
    LBRACKET        reduce using rule 107 (primary -> STRING .)
    DOTDOT          reduce using rule 107 (primary -> STRING .)
    PLUS            reduce using rule 107 (primary -> STRING .)
    MINUS           reduce using rule 107 (primary -> STRING .)
    STAR            reduce using rule 107 (primary -> STRING .)
    SLASH           reduce using rule 107 (primary -> STRING .)
    PERCENT         reduce using rule 107 (primary -> STRING .)
    EQEQ            reduce using rule 107 (primary -> STRING .)
    NE              reduce using rule 107 (primary -> STRING .)
    LT              reduce using rule 107 (primary -> STRING .)
    LE              reduce using rule 107 (primary -> STRING .)
    GT              reduce using rule 107 (primary -> STRING .)
    GE              reduce using rule 107 (primary -> STRING .)
    ANDAND          reduce using rule 107 (primary -> STRING .)
    OROR            reduce using rule 107 (primary -> STRING .)
    SEMICOLON       reduce using rule 107 (primary -> STRING .)
    RBRACKET        reduce using rule 107 (primary -> STRING .)
    RPAREN          reduce using rule 107 (primary -> STRING .)
    COMMA           reduce using rule 107 (primary -> STRING .)
    RBRACE          reduce using rule 107 (primary -> STRING .)
    EQ              reduce using rule 107 (primary -> STRING .)
    PLUS_EQ         reduce using rule 107 (primary -> STRING .)
    MINUS_EQ        reduce using rule 107 (primary -> STRING .)
    STAR_EQ         reduce using rule 107 (primary -> STRING .)
    SLASH_EQ        reduce using rule 107 (primary -> STRING .)
    PERCENT_EQ      reduce using rule 107 (primary -> STRING .)


state 61

    (108) primary -> CHAR .

    LPAREN          reduce using rule 108 (primary -> CHAR .)
    DOT             reduce using rule 108 (primary -> CHAR .)
    LBRACKET        reduce using rule 108 (primary -> CHAR .)
    DOTDOT          reduce using rule 108 (primary -> CHAR .)
    PLUS            reduce using rule 108 (primary -> CHAR .)
    MINUS           reduce using rule 108 (primary -> CHAR .)
    STAR            reduce using rule 108 (primary -> CHAR .)
    SLASH           reduce using rule 108 (primary -> CHAR .)
    PERCENT         reduce using rule 108 (primary -> CHAR .)
    EQEQ            reduce using rule 108 (primary -> CHAR .)
    NE              reduce using rule 108 (primary -> CHAR .)
    LT              reduce using rule 108 (primary -> CHAR .)
    LE              reduce using rule 108 (primary -> CHAR .)
    GT              reduce using rule 108 (primary -> CHAR .)
    GE              reduce using rule 108 (primary -> CHAR .)
    ANDAND          reduce using rule 108 (primary -> CHAR .)
    OROR            reduce using rule 108 (primary -> CHAR .)
    SEMICOLON       reduce using rule 108 (primary -> CHAR .)
    RBRACKET        reduce using rule 108 (primary -> CHAR .)
    RPAREN          reduce using rule 108 (primary -> CHAR .)
    COMMA           reduce using rule 108 (primary -> CHAR .)
    RBRACE          reduce using rule 108 (primary -> CHAR .)
    EQ              reduce using rule 108 (primary -> CHAR .)
    PLUS_EQ         reduce using rule 108 (primary -> CHAR .)
    MINUS_EQ        reduce using rule 108 (primary -> CHAR .)
    STAR_EQ         reduce using rule 108 (primary -> CHAR .)
    SLASH_EQ        reduce using rule 108 (primary -> CHAR .)
    PERCENT_EQ      reduce using rule 108 (primary -> CHAR .)


state 62

    (109) primary -> TRUE .

    LPAREN          reduce using rule 109 (primary -> TRUE .)
    DOT             reduce using rule 109 (primary -> TRUE .)
    LBRACKET        reduce using rule 109 (primary -> TRUE .)
    DOTDOT          reduce using rule 109 (primary -> TRUE .)
    PLUS            reduce using rule 109 (primary -> TRUE .)
    MINUS           reduce using rule 109 (primary -> TRUE .)
    STAR            reduce using rule 109 (primary -> TRUE .)
    SLASH           reduce using rule 109 (primary -> TRUE .)
    PERCENT         reduce using rule 109 (primary -> TRUE .)
    EQEQ            reduce using rule 109 (primary -> TRUE .)
    NE              reduce using rule 109 (primary -> TRUE .)
    LT              reduce using rule 109 (primary -> TRUE .)
    LE              reduce using rule 109 (primary -> TRUE .)
    GT              reduce using rule 109 (primary -> TRUE .)
    GE              reduce using rule 109 (primary -> TRUE .)
    ANDAND          reduce using rule 109 (primary -> TRUE .)
    OROR            reduce using rule 109 (primary -> TRUE .)
    SEMICOLON       reduce using rule 109 (primary -> TRUE .)
    RBRACKET        reduce using rule 109 (primary -> TRUE .)
    RPAREN          reduce using rule 109 (primary -> TRUE .)
    COMMA           reduce using rule 109 (primary -> TRUE .)
    RBRACE          reduce using rule 109 (primary -> TRUE .)
    EQ              reduce using rule 109 (primary -> TRUE .)
    PLUS_EQ         reduce using rule 109 (primary -> TRUE .)
    MINUS_EQ        reduce using rule 109 (primary -> TRUE .)
    STAR_EQ         reduce using rule 109 (primary -> TRUE .)
    SLASH_EQ        reduce using rule 109 (primary -> TRUE .)
    PERCENT_EQ      reduce using rule 109 (primary -> TRUE .)


state 63

    (110) primary -> FALSE .

    LPAREN          reduce using rule 110 (primary -> FALSE .)
    DOT             reduce using rule 110 (primary -> FALSE .)
    LBRACKET        reduce using rule 110 (primary -> FALSE .)
    DOTDOT          reduce using rule 110 (primary -> FALSE .)
    PLUS            reduce using rule 110 (primary -> FALSE .)
    MINUS           reduce using rule 110 (primary -> FALSE .)
    STAR            reduce using rule 110 (primary -> FALSE .)
    SLASH           reduce using rule 110 (primary -> FALSE .)
    PERCENT         reduce using rule 110 (primary -> FALSE .)
    EQEQ            reduce using rule 110 (primary -> FALSE .)
    NE              reduce using rule 110 (primary -> FALSE .)
    LT              reduce using rule 110 (primary -> FALSE .)
    LE              reduce using rule 110 (primary -> FALSE .)
    GT              reduce using rule 110 (primary -> FALSE .)
    GE              reduce using rule 110 (primary -> FALSE .)
    ANDAND          reduce using rule 110 (primary -> FALSE .)
    OROR            reduce using rule 110 (primary -> FALSE .)
    SEMICOLON       reduce using rule 110 (primary -> FALSE .)
    RBRACKET        reduce using rule 110 (primary -> FALSE .)
    RPAREN          reduce using rule 110 (primary -> FALSE .)
    COMMA           reduce using rule 110 (primary -> FALSE .)
    RBRACE          reduce using rule 110 (primary -> FALSE .)
    EQ              reduce using rule 110 (primary -> FALSE .)
    PLUS_EQ         reduce using rule 110 (primary -> FALSE .)
    MINUS_EQ        reduce using rule 110 (primary -> FALSE .)
    STAR_EQ         reduce using rule 110 (primary -> FALSE .)
    SLASH_EQ        reduce using rule 110 (primary -> FALSE .)
    PERCENT_EQ      reduce using rule 110 (primary -> FALSE .)


state 64

    (111) primary -> NULL .

    LPAREN          reduce using rule 111 (primary -> NULL .)
    DOT             reduce using rule 111 (primary -> NULL .)
    LBRACKET        reduce using rule 111 (primary -> NULL .)
    DOTDOT          reduce using rule 111 (primary -> NULL .)
    PLUS            reduce using rule 111 (primary -> NULL .)
    MINUS           reduce using rule 111 (primary -> NULL .)
    STAR            reduce using rule 111 (primary -> NULL .)
    SLASH           reduce using rule 111 (primary -> NULL .)
    PERCENT         reduce using rule 111 (primary -> NULL .)
    EQEQ            reduce using rule 111 (primary -> NULL .)
    NE              reduce using rule 111 (primary -> NULL .)
    LT              reduce using rule 111 (primary -> NULL .)
    LE              reduce using rule 111 (primary -> NULL .)
    GT              reduce using rule 111 (primary -> NULL .)
    GE              reduce using rule 111 (primary -> NULL .)
    ANDAND          reduce using rule 111 (primary -> NULL .)
    OROR            reduce using rule 111 (primary -> NULL .)
    SEMICOLON       reduce using rule 111 (primary -> NULL .)
    RBRACKET        reduce using rule 111 (primary -> NULL .)
    RPAREN          reduce using rule 111 (primary -> NULL .)
    COMMA           reduce using rule 111 (primary -> NULL .)
    RBRACE          reduce using rule 111 (primary -> NULL .)
    EQ              reduce using rule 111 (primary -> NULL .)
    PLUS_EQ         reduce using rule 111 (primary -> NULL .)
    MINUS_EQ        reduce using rule 111 (primary -> NULL .)
    STAR_EQ         reduce using rule 111 (primary -> NULL .)
    SLASH_EQ        reduce using rule 111 (primary -> NULL .)
    PERCENT_EQ      reduce using rule 111 (primary -> NULL .)


state 65

    (112) primary -> UNDEFINED .

    LPAREN          reduce using rule 112 (primary -> UNDEFINED .)
    DOT             reduce using rule 112 (primary -> UNDEFINED .)
    LBRACKET        reduce using rule 112 (primary -> UNDEFINED .)
    DOTDOT          reduce using rule 112 (primary -> UNDEFINED .)
    PLUS            reduce using rule 112 (primary -> UNDEFINED .)
    MINUS           reduce using rule 112 (primary -> UNDEFINED .)
    STAR            reduce using rule 112 (primary -> UNDEFINED .)
    SLASH           reduce using rule 112 (primary -> UNDEFINED .)
    PERCENT         reduce using rule 112 (primary -> UNDEFINED .)
    EQEQ            reduce using rule 112 (primary -> UNDEFINED .)
    NE              reduce using rule 112 (primary -> UNDEFINED .)
    LT              reduce using rule 112 (primary -> UNDEFINED .)
    LE              reduce using rule 112 (primary -> UNDEFINED .)
    GT              reduce using rule 112 (primary -> UNDEFINED .)
    GE              reduce using rule 112 (primary -> UNDEFINED .)
    ANDAND          reduce using rule 112 (primary -> UNDEFINED .)
    OROR            reduce using rule 112 (primary -> UNDEFINED .)
    SEMICOLON       reduce using rule 112 (primary -> UNDEFINED .)
    RBRACKET        reduce using rule 112 (primary -> UNDEFINED .)
    RPAREN          reduce using rule 112 (primary -> UNDEFINED .)
    COMMA           reduce using rule 112 (primary -> UNDEFINED .)
    RBRACE          reduce using rule 112 (primary -> UNDEFINED .)
    EQ              reduce using rule 112 (primary -> UNDEFINED .)
    PLUS_EQ         reduce using rule 112 (primary -> UNDEFINED .)
    MINUS_EQ        reduce using rule 112 (primary -> UNDEFINED .)
    STAR_EQ         reduce using rule 112 (primary -> UNDEFINED .)
    SLASH_EQ        reduce using rule 112 (primary -> UNDEFINED .)
    PERCENT_EQ      reduce using rule 112 (primary -> UNDEFINED .)


state 66

    (114) primary -> BUILTIN_IDENT .

    LPAREN          reduce using rule 114 (primary -> BUILTIN_IDENT .)
    DOT             reduce using rule 114 (primary -> BUILTIN_IDENT .)
    LBRACKET        reduce using rule 114 (primary -> BUILTIN_IDENT .)
    DOTDOT          reduce using rule 114 (primary -> BUILTIN_IDENT .)
    PLUS            reduce using rule 114 (primary -> BUILTIN_IDENT .)
    MINUS           reduce using rule 114 (primary -> BUILTIN_IDENT .)
    STAR            reduce using rule 114 (primary -> BUILTIN_IDENT .)
    SLASH           reduce using rule 114 (primary -> BUILTIN_IDENT .)
    PERCENT         reduce using rule 114 (primary -> BUILTIN_IDENT .)
    EQEQ            reduce using rule 114 (primary -> BUILTIN_IDENT .)
    NE              reduce using rule 114 (primary -> BUILTIN_IDENT .)
    LT              reduce using rule 114 (primary -> BUILTIN_IDENT .)
    LE              reduce using rule 114 (primary -> BUILTIN_IDENT .)
    GT              reduce using rule 114 (primary -> BUILTIN_IDENT .)
    GE              reduce using rule 114 (primary -> BUILTIN_IDENT .)
    ANDAND          reduce using rule 114 (primary -> BUILTIN_IDENT .)
    OROR            reduce using rule 114 (primary -> BUILTIN_IDENT .)
    SEMICOLON       reduce using rule 114 (primary -> BUILTIN_IDENT .)
    RBRACKET        reduce using rule 114 (primary -> BUILTIN_IDENT .)
    RPAREN          reduce using rule 114 (primary -> BUILTIN_IDENT .)
    COMMA           reduce using rule 114 (primary -> BUILTIN_IDENT .)
    RBRACE          reduce using rule 114 (primary -> BUILTIN_IDENT .)
    EQ              reduce using rule 114 (primary -> BUILTIN_IDENT .)
    PLUS_EQ         reduce using rule 114 (primary -> BUILTIN_IDENT .)
    MINUS_EQ        reduce using rule 114 (primary -> BUILTIN_IDENT .)
    STAR_EQ         reduce using rule 114 (primary -> BUILTIN_IDENT .)
    SLASH_EQ        reduce using rule 114 (primary -> BUILTIN_IDENT .)
    PERCENT_EQ      reduce using rule 114 (primary -> BUILTIN_IDENT .)


state 67

    (35) type_expr -> STRUCT LBRACE . struct_fields_opt RBRACE
    (36) struct_fields_opt -> . struct_fields
    (37) struct_fields_opt -> . empty
    (38) struct_fields -> . struct_fields struct_field
    (39) struct_fields -> . struct_field
    (116) empty -> .
    (40) struct_field -> . IDENT COLON type_expr COMMA
    (41) struct_field -> . IDENT COLON type_expr

    RBRACE          reduce using rule 116 (empty -> .)
    IDENT           shift and go to state 104

    struct_fields_opt              shift and go to state 100
    struct_fields                  shift and go to state 101
    empty                          shift and go to state 102
    struct_field                   shift and go to state 103

state 68

    (42) type_expr -> QUESTION type_expr .

    EQ              reduce using rule 42 (type_expr -> QUESTION type_expr .)
    SEMICOLON       reduce using rule 42 (type_expr -> QUESTION type_expr .)
    COMMA           reduce using rule 42 (type_expr -> QUESTION type_expr .)
    RPAREN          reduce using rule 42 (type_expr -> QUESTION type_expr .)
    LBRACE          reduce using rule 42 (type_expr -> QUESTION type_expr .)
    IDENT           reduce using rule 42 (type_expr -> QUESTION type_expr .)
    RBRACE          reduce using rule 42 (type_expr -> QUESTION type_expr .)


state 69

    (43) type_expr -> STAR type_expr .

    EQ              reduce using rule 43 (type_expr -> STAR type_expr .)
    SEMICOLON       reduce using rule 43 (type_expr -> STAR type_expr .)
    COMMA           reduce using rule 43 (type_expr -> STAR type_expr .)
    RPAREN          reduce using rule 43 (type_expr -> STAR type_expr .)
    LBRACE          reduce using rule 43 (type_expr -> STAR type_expr .)
    IDENT           reduce using rule 43 (type_expr -> STAR type_expr .)
    RBRACE          reduce using rule 43 (type_expr -> STAR type_expr .)


state 70

    (44) type_expr -> LBRACKET RBRACKET . type_expr
    (22) type_expr -> . IDENT
    (23) type_expr -> . TYPE_VOID
    (24) type_expr -> . TYPE_BOOL
    (25) type_expr -> . TYPE_USIZE
    (26) type_expr -> . TYPE_ISIZE
    (27) type_expr -> . TYPE_U8
    (28) type_expr -> . TYPE_U16
    (29) type_expr -> . TYPE_U32
    (30) type_expr -> . TYPE_U64
    (31) type_expr -> . TYPE_I8
    (32) type_expr -> . TYPE_I16
    (33) type_expr -> . TYPE_I32
    (34) type_expr -> . TYPE_I64
    (35) type_expr -> . STRUCT LBRACE struct_fields_opt RBRACE
    (42) type_expr -> . QUESTION type_expr
    (43) type_expr -> . STAR type_expr
    (44) type_expr -> . LBRACKET RBRACKET type_expr
    (45) type_expr -> . LBRACKET expression RBRACKET type_expr

    IDENT           shift and go to state 25
    TYPE_VOID       shift and go to state 26
    TYPE_BOOL       shift and go to state 27
    TYPE_USIZE      shift and go to state 28
    TYPE_ISIZE      shift and go to state 29
    TYPE_U8         shift and go to state 30
    TYPE_U16        shift and go to state 31
    TYPE_U32        shift and go to state 32
    TYPE_U64        shift and go to state 33
    TYPE_I8         shift and go to state 34
    TYPE_I16        shift and go to state 35
    TYPE_I32        shift and go to state 36
    TYPE_I64        shift and go to state 37
    STRUCT          shift and go to state 38
    QUESTION        shift and go to state 39
    STAR            shift and go to state 40
    LBRACKET        shift and go to state 41

    type_expr                      shift and go to state 105

state 71

    (45) type_expr -> LBRACKET expression . RBRACKET type_expr
    (76) expression -> expression . DOTDOT expression
    (77) expression -> expression . PLUS expression
    (78) expression -> expression . MINUS expression
    (79) expression -> expression . STAR expression
    (80) expression -> expression . SLASH expression
    (81) expression -> expression . PERCENT expression
    (82) expression -> expression . EQEQ expression
    (83) expression -> expression . NE expression
    (84) expression -> expression . LT expression
    (85) expression -> expression . LE expression
    (86) expression -> expression . GT expression
    (87) expression -> expression . GE expression
    (88) expression -> expression . ANDAND expression
    (89) expression -> expression . OROR expression

    RBRACKET        shift and go to state 106
    DOTDOT          shift and go to state 76
    PLUS            shift and go to state 77
    MINUS           shift and go to state 78
    STAR            shift and go to state 79
    SLASH           shift and go to state 80
    PERCENT         shift and go to state 81
    EQEQ            shift and go to state 82
    NE              shift and go to state 83
    LT              shift and go to state 84
    LE              shift and go to state 85
    GT              shift and go to state 86
    GE              shift and go to state 87
    ANDAND          shift and go to state 88
    OROR            shift and go to state 89


state 72

    (9) var_decl -> VAR IDENT type_annotation_opt EQ expression .
    (76) expression -> expression . DOTDOT expression
    (77) expression -> expression . PLUS expression
    (78) expression -> expression . MINUS expression
    (79) expression -> expression . STAR expression
    (80) expression -> expression . SLASH expression
    (81) expression -> expression . PERCENT expression
    (82) expression -> expression . EQEQ expression
    (83) expression -> expression . NE expression
    (84) expression -> expression . LT expression
    (85) expression -> expression . LE expression
    (86) expression -> expression . GT expression
    (87) expression -> expression . GE expression
    (88) expression -> expression . ANDAND expression
    (89) expression -> expression . OROR expression

    SEMICOLON       reduce using rule 9 (var_decl -> VAR IDENT type_annotation_opt EQ expression .)
    DOTDOT          shift and go to state 76
    PLUS            shift and go to state 77
    MINUS           shift and go to state 78
    STAR            shift and go to state 79
    SLASH           shift and go to state 80
    PERCENT         shift and go to state 81
    EQEQ            shift and go to state 82
    NE              shift and go to state 83
    LT              shift and go to state 84
    LE              shift and go to state 85
    GT              shift and go to state 86
    GE              shift and go to state 87
    ANDAND          shift and go to state 88
    OROR            shift and go to state 89


state 73

    (19) param -> IDENT COLON . type_expr
    (22) type_expr -> . IDENT
    (23) type_expr -> . TYPE_VOID
    (24) type_expr -> . TYPE_BOOL
    (25) type_expr -> . TYPE_USIZE
    (26) type_expr -> . TYPE_ISIZE
    (27) type_expr -> . TYPE_U8
    (28) type_expr -> . TYPE_U16
    (29) type_expr -> . TYPE_U32
    (30) type_expr -> . TYPE_U64
    (31) type_expr -> . TYPE_I8
    (32) type_expr -> . TYPE_I16
    (33) type_expr -> . TYPE_I32
    (34) type_expr -> . TYPE_I64
    (35) type_expr -> . STRUCT LBRACE struct_fields_opt RBRACE
    (42) type_expr -> . QUESTION type_expr
    (43) type_expr -> . STAR type_expr
    (44) type_expr -> . LBRACKET RBRACKET type_expr
    (45) type_expr -> . LBRACKET expression RBRACKET type_expr

    IDENT           shift and go to state 25
    TYPE_VOID       shift and go to state 26
    TYPE_BOOL       shift and go to state 27
    TYPE_USIZE      shift and go to state 28
    TYPE_ISIZE      shift and go to state 29
    TYPE_U8         shift and go to state 30
    TYPE_U16        shift and go to state 31
    TYPE_U32        shift and go to state 32
    TYPE_U64        shift and go to state 33
    TYPE_I8         shift and go to state 34
    TYPE_I16        shift and go to state 35
    TYPE_I32        shift and go to state 36
    TYPE_I64        shift and go to state 37
    STRUCT          shift and go to state 38
    QUESTION        shift and go to state 39
    STAR            shift and go to state 40
    LBRACKET        shift and go to state 41

    type_expr                      shift and go to state 107

state 74

    (14) fn_decl -> FN IDENT LPAREN params_opt RPAREN . return_type_opt block
    (20) return_type_opt -> . type_expr
    (21) return_type_opt -> . empty
    (22) type_expr -> . IDENT
    (23) type_expr -> . TYPE_VOID
    (24) type_expr -> . TYPE_BOOL
    (25) type_expr -> . TYPE_USIZE
    (26) type_expr -> . TYPE_ISIZE
    (27) type_expr -> . TYPE_U8
    (28) type_expr -> . TYPE_U16
    (29) type_expr -> . TYPE_U32
    (30) type_expr -> . TYPE_U64
    (31) type_expr -> . TYPE_I8
    (32) type_expr -> . TYPE_I16
    (33) type_expr -> . TYPE_I32
    (34) type_expr -> . TYPE_I64
    (35) type_expr -> . STRUCT LBRACE struct_fields_opt RBRACE
    (42) type_expr -> . QUESTION type_expr
    (43) type_expr -> . STAR type_expr
    (44) type_expr -> . LBRACKET RBRACKET type_expr
    (45) type_expr -> . LBRACKET expression RBRACKET type_expr
    (116) empty -> .

    IDENT           shift and go to state 25
    TYPE_VOID       shift and go to state 26
    TYPE_BOOL       shift and go to state 27
    TYPE_USIZE      shift and go to state 28
    TYPE_ISIZE      shift and go to state 29
    TYPE_U8         shift and go to state 30
    TYPE_U16        shift and go to state 31
    TYPE_U32        shift and go to state 32
    TYPE_U64        shift and go to state 33
    TYPE_I8         shift and go to state 34
    TYPE_I16        shift and go to state 35
    TYPE_I32        shift and go to state 36
    TYPE_I64        shift and go to state 37
    STRUCT          shift and go to state 38
    QUESTION        shift and go to state 39
    STAR            shift and go to state 40
    LBRACKET        shift and go to state 41
    LBRACE          reduce using rule 116 (empty -> .)

    return_type_opt                shift and go to state 108
    type_expr                      shift and go to state 109
    empty                          shift and go to state 110

state 75

    (17) params -> params COMMA . param
    (19) param -> . IDENT COLON type_expr

    IDENT           shift and go to state 43

    param                          shift and go to state 111

state 76

    (76) expression -> expression DOTDOT . expression
    (76) expression -> . expression DOTDOT expression
    (77) expression -> . expression PLUS expression
    (78) expression -> . expression MINUS expression
    (79) expression -> . expression STAR expression
    (80) expression -> . expression SLASH expression
    (81) expression -> . expression PERCENT expression
    (82) expression -> . expression EQEQ expression
    (83) expression -> . expression NE expression
    (84) expression -> . expression LT expression
    (85) expression -> . expression LE expression
    (86) expression -> . expression GT expression
    (87) expression -> . expression GE expression
    (88) expression -> . expression ANDAND expression
    (89) expression -> . expression OROR expression
    (90) expression -> . MINUS expression
    (91) expression -> . BANG expression
    (92) expression -> . AMP expression
    (93) expression -> . QUESTION expression
    (94) expression -> . postfix_expr
    (95) postfix_expr -> . primary
    (96) postfix_expr -> . postfix_expr LPAREN args_opt RPAREN
    (97) postfix_expr -> . postfix_expr DOT IDENT
    (98) postfix_expr -> . postfix_expr LBRACKET expression RBRACKET
    (99) postfix_expr -> . postfix_expr DOT STAR
    (104) primary -> . STRUCT LBRACE struct_fields_opt RBRACE
    (105) primary -> . DOT LBRACE args_opt RBRACE
    (106) primary -> . INT
    (107) primary -> . STRING
    (108) primary -> . CHAR
    (109) primary -> . TRUE
    (110) primary -> . FALSE
    (111) primary -> . NULL
    (112) primary -> . UNDEFINED
    (113) primary -> . IDENT
    (114) primary -> . BUILTIN_IDENT
    (115) primary -> . LPAREN expression RPAREN

    MINUS           shift and go to state 50
    BANG            shift and go to state 51
    AMP             shift and go to state 52
    QUESTION        shift and go to state 53
    STRUCT          shift and go to state 58
    DOT             shift and go to state 57
    INT             shift and go to state 59
    STRING          shift and go to state 60
    CHAR            shift and go to state 61
    TRUE            shift and go to state 62
    FALSE           shift and go to state 63
    NULL            shift and go to state 64
    UNDEFINED       shift and go to state 65
    IDENT           shift and go to state 48
    BUILTIN_IDENT   shift and go to state 66
    LPAREN          shift and go to state 56

    expression                     shift and go to state 112
    postfix_expr                   shift and go to state 54
    primary                        shift and go to state 55

state 77

    (77) expression -> expression PLUS . expression
    (76) expression -> . expression DOTDOT expression
    (77) expression -> . expression PLUS expression
    (78) expression -> . expression MINUS expression
    (79) expression -> . expression STAR expression
    (80) expression -> . expression SLASH expression
    (81) expression -> . expression PERCENT expression
    (82) expression -> . expression EQEQ expression
    (83) expression -> . expression NE expression
    (84) expression -> . expression LT expression
    (85) expression -> . expression LE expression
    (86) expression -> . expression GT expression
    (87) expression -> . expression GE expression
    (88) expression -> . expression ANDAND expression
    (89) expression -> . expression OROR expression
    (90) expression -> . MINUS expression
    (91) expression -> . BANG expression
    (92) expression -> . AMP expression
    (93) expression -> . QUESTION expression
    (94) expression -> . postfix_expr
    (95) postfix_expr -> . primary
    (96) postfix_expr -> . postfix_expr LPAREN args_opt RPAREN
    (97) postfix_expr -> . postfix_expr DOT IDENT
    (98) postfix_expr -> . postfix_expr LBRACKET expression RBRACKET
    (99) postfix_expr -> . postfix_expr DOT STAR
    (104) primary -> . STRUCT LBRACE struct_fields_opt RBRACE
    (105) primary -> . DOT LBRACE args_opt RBRACE
    (106) primary -> . INT
    (107) primary -> . STRING
    (108) primary -> . CHAR
    (109) primary -> . TRUE
    (110) primary -> . FALSE
    (111) primary -> . NULL
    (112) primary -> . UNDEFINED
    (113) primary -> . IDENT
    (114) primary -> . BUILTIN_IDENT
    (115) primary -> . LPAREN expression RPAREN

    MINUS           shift and go to state 50
    BANG            shift and go to state 51
    AMP             shift and go to state 52
    QUESTION        shift and go to state 53
    STRUCT          shift and go to state 58
    DOT             shift and go to state 57
    INT             shift and go to state 59
    STRING          shift and go to state 60
    CHAR            shift and go to state 61
    TRUE            shift and go to state 62
    FALSE           shift and go to state 63
    NULL            shift and go to state 64
    UNDEFINED       shift and go to state 65
    IDENT           shift and go to state 48
    BUILTIN_IDENT   shift and go to state 66
    LPAREN          shift and go to state 56

    expression                     shift and go to state 113
    postfix_expr                   shift and go to state 54
    primary                        shift and go to state 55

state 78

    (78) expression -> expression MINUS . expression
    (76) expression -> . expression DOTDOT expression
    (77) expression -> . expression PLUS expression
    (78) expression -> . expression MINUS expression
    (79) expression -> . expression STAR expression
    (80) expression -> . expression SLASH expression
    (81) expression -> . expression PERCENT expression
    (82) expression -> . expression EQEQ expression
    (83) expression -> . expression NE expression
    (84) expression -> . expression LT expression
    (85) expression -> . expression LE expression
    (86) expression -> . expression GT expression
    (87) expression -> . expression GE expression
    (88) expression -> . expression ANDAND expression
    (89) expression -> . expression OROR expression
    (90) expression -> . MINUS expression
    (91) expression -> . BANG expression
    (92) expression -> . AMP expression
    (93) expression -> . QUESTION expression
    (94) expression -> . postfix_expr
    (95) postfix_expr -> . primary
    (96) postfix_expr -> . postfix_expr LPAREN args_opt RPAREN
    (97) postfix_expr -> . postfix_expr DOT IDENT
    (98) postfix_expr -> . postfix_expr LBRACKET expression RBRACKET
    (99) postfix_expr -> . postfix_expr DOT STAR
    (104) primary -> . STRUCT LBRACE struct_fields_opt RBRACE
    (105) primary -> . DOT LBRACE args_opt RBRACE
    (106) primary -> . INT
    (107) primary -> . STRING
    (108) primary -> . CHAR
    (109) primary -> . TRUE
    (110) primary -> . FALSE
    (111) primary -> . NULL
    (112) primary -> . UNDEFINED
    (113) primary -> . IDENT
    (114) primary -> . BUILTIN_IDENT
    (115) primary -> . LPAREN expression RPAREN

    MINUS           shift and go to state 50
    BANG            shift and go to state 51
    AMP             shift and go to state 52
    QUESTION        shift and go to state 53
    STRUCT          shift and go to state 58
    DOT             shift and go to state 57
    INT             shift and go to state 59
    STRING          shift and go to state 60
    CHAR            shift and go to state 61
    TRUE            shift and go to state 62
    FALSE           shift and go to state 63
    NULL            shift and go to state 64
    UNDEFINED       shift and go to state 65
    IDENT           shift and go to state 48
    BUILTIN_IDENT   shift and go to state 66
    LPAREN          shift and go to state 56

    expression                     shift and go to state 114
    postfix_expr                   shift and go to state 54
    primary                        shift and go to state 55

state 79

    (79) expression -> expression STAR . expression
    (76) expression -> . expression DOTDOT expression
    (77) expression -> . expression PLUS expression
    (78) expression -> . expression MINUS expression
    (79) expression -> . expression STAR expression
    (80) expression -> . expression SLASH expression
    (81) expression -> . expression PERCENT expression
    (82) expression -> . expression EQEQ expression
    (83) expression -> . expression NE expression
    (84) expression -> . expression LT expression
    (85) expression -> . expression LE expression
    (86) expression -> . expression GT expression
    (87) expression -> . expression GE expression
    (88) expression -> . expression ANDAND expression
    (89) expression -> . expression OROR expression
    (90) expression -> . MINUS expression
    (91) expression -> . BANG expression
    (92) expression -> . AMP expression
    (93) expression -> . QUESTION expression
    (94) expression -> . postfix_expr
    (95) postfix_expr -> . primary
    (96) postfix_expr -> . postfix_expr LPAREN args_opt RPAREN
    (97) postfix_expr -> . postfix_expr DOT IDENT
    (98) postfix_expr -> . postfix_expr LBRACKET expression RBRACKET
    (99) postfix_expr -> . postfix_expr DOT STAR
    (104) primary -> . STRUCT LBRACE struct_fields_opt RBRACE
    (105) primary -> . DOT LBRACE args_opt RBRACE
    (106) primary -> . INT
    (107) primary -> . STRING
    (108) primary -> . CHAR
    (109) primary -> . TRUE
    (110) primary -> . FALSE
    (111) primary -> . NULL
    (112) primary -> . UNDEFINED
    (113) primary -> . IDENT
    (114) primary -> . BUILTIN_IDENT
    (115) primary -> . LPAREN expression RPAREN

    MINUS           shift and go to state 50
    BANG            shift and go to state 51
    AMP             shift and go to state 52
    QUESTION        shift and go to state 53
    STRUCT          shift and go to state 58
    DOT             shift and go to state 57
    INT             shift and go to state 59
    STRING          shift and go to state 60
    CHAR            shift and go to state 61
    TRUE            shift and go to state 62
    FALSE           shift and go to state 63
    NULL            shift and go to state 64
    UNDEFINED       shift and go to state 65
    IDENT           shift and go to state 48
    BUILTIN_IDENT   shift and go to state 66
    LPAREN          shift and go to state 56

    expression                     shift and go to state 115
    postfix_expr                   shift and go to state 54
    primary                        shift and go to state 55

state 80

    (80) expression -> expression SLASH . expression
    (76) expression -> . expression DOTDOT expression
    (77) expression -> . expression PLUS expression
    (78) expression -> . expression MINUS expression
    (79) expression -> . expression STAR expression
    (80) expression -> . expression SLASH expression
    (81) expression -> . expression PERCENT expression
    (82) expression -> . expression EQEQ expression
    (83) expression -> . expression NE expression
    (84) expression -> . expression LT expression
    (85) expression -> . expression LE expression
    (86) expression -> . expression GT expression
    (87) expression -> . expression GE expression
    (88) expression -> . expression ANDAND expression
    (89) expression -> . expression OROR expression
    (90) expression -> . MINUS expression
    (91) expression -> . BANG expression
    (92) expression -> . AMP expression
    (93) expression -> . QUESTION expression
    (94) expression -> . postfix_expr
    (95) postfix_expr -> . primary
    (96) postfix_expr -> . postfix_expr LPAREN args_opt RPAREN
    (97) postfix_expr -> . postfix_expr DOT IDENT
    (98) postfix_expr -> . postfix_expr LBRACKET expression RBRACKET
    (99) postfix_expr -> . postfix_expr DOT STAR
    (104) primary -> . STRUCT LBRACE struct_fields_opt RBRACE
    (105) primary -> . DOT LBRACE args_opt RBRACE
    (106) primary -> . INT
    (107) primary -> . STRING
    (108) primary -> . CHAR
    (109) primary -> . TRUE
    (110) primary -> . FALSE
    (111) primary -> . NULL
    (112) primary -> . UNDEFINED
    (113) primary -> . IDENT
    (114) primary -> . BUILTIN_IDENT
    (115) primary -> . LPAREN expression RPAREN

    MINUS           shift and go to state 50
    BANG            shift and go to state 51
    AMP             shift and go to state 52
    QUESTION        shift and go to state 53
    STRUCT          shift and go to state 58
    DOT             shift and go to state 57
    INT             shift and go to state 59
    STRING          shift and go to state 60
    CHAR            shift and go to state 61
    TRUE            shift and go to state 62
    FALSE           shift and go to state 63
    NULL            shift and go to state 64
    UNDEFINED       shift and go to state 65
    IDENT           shift and go to state 48
    BUILTIN_IDENT   shift and go to state 66
    LPAREN          shift and go to state 56

    expression                     shift and go to state 116
    postfix_expr                   shift and go to state 54
    primary                        shift and go to state 55

state 81

    (81) expression -> expression PERCENT . expression
    (76) expression -> . expression DOTDOT expression
    (77) expression -> . expression PLUS expression
    (78) expression -> . expression MINUS expression
    (79) expression -> . expression STAR expression
    (80) expression -> . expression SLASH expression
    (81) expression -> . expression PERCENT expression
    (82) expression -> . expression EQEQ expression
    (83) expression -> . expression NE expression
    (84) expression -> . expression LT expression
    (85) expression -> . expression LE expression
    (86) expression -> . expression GT expression
    (87) expression -> . expression GE expression
    (88) expression -> . expression ANDAND expression
    (89) expression -> . expression OROR expression
    (90) expression -> . MINUS expression
    (91) expression -> . BANG expression
    (92) expression -> . AMP expression
    (93) expression -> . QUESTION expression
    (94) expression -> . postfix_expr
    (95) postfix_expr -> . primary
    (96) postfix_expr -> . postfix_expr LPAREN args_opt RPAREN
    (97) postfix_expr -> . postfix_expr DOT IDENT
    (98) postfix_expr -> . postfix_expr LBRACKET expression RBRACKET
    (99) postfix_expr -> . postfix_expr DOT STAR
    (104) primary -> . STRUCT LBRACE struct_fields_opt RBRACE
    (105) primary -> . DOT LBRACE args_opt RBRACE
    (106) primary -> . INT
    (107) primary -> . STRING
    (108) primary -> . CHAR
    (109) primary -> . TRUE
    (110) primary -> . FALSE
    (111) primary -> . NULL
    (112) primary -> . UNDEFINED
    (113) primary -> . IDENT
    (114) primary -> . BUILTIN_IDENT
    (115) primary -> . LPAREN expression RPAREN

    MINUS           shift and go to state 50
    BANG            shift and go to state 51
    AMP             shift and go to state 52
    QUESTION        shift and go to state 53
    STRUCT          shift and go to state 58
    DOT             shift and go to state 57
    INT             shift and go to state 59
    STRING          shift and go to state 60
    CHAR            shift and go to state 61
    TRUE            shift and go to state 62
    FALSE           shift and go to state 63
    NULL            shift and go to state 64
    UNDEFINED       shift and go to state 65
    IDENT           shift and go to state 48
    BUILTIN_IDENT   shift and go to state 66
    LPAREN          shift and go to state 56

    expression                     shift and go to state 117
    postfix_expr                   shift and go to state 54
    primary                        shift and go to state 55

state 82

    (82) expression -> expression EQEQ . expression
    (76) expression -> . expression DOTDOT expression
    (77) expression -> . expression PLUS expression
    (78) expression -> . expression MINUS expression
    (79) expression -> . expression STAR expression
    (80) expression -> . expression SLASH expression
    (81) expression -> . expression PERCENT expression
    (82) expression -> . expression EQEQ expression
    (83) expression -> . expression NE expression
    (84) expression -> . expression LT expression
    (85) expression -> . expression LE expression
    (86) expression -> . expression GT expression
    (87) expression -> . expression GE expression
    (88) expression -> . expression ANDAND expression
    (89) expression -> . expression OROR expression
    (90) expression -> . MINUS expression
    (91) expression -> . BANG expression
    (92) expression -> . AMP expression
    (93) expression -> . QUESTION expression
    (94) expression -> . postfix_expr
    (95) postfix_expr -> . primary
    (96) postfix_expr -> . postfix_expr LPAREN args_opt RPAREN
    (97) postfix_expr -> . postfix_expr DOT IDENT
    (98) postfix_expr -> . postfix_expr LBRACKET expression RBRACKET
    (99) postfix_expr -> . postfix_expr DOT STAR
    (104) primary -> . STRUCT LBRACE struct_fields_opt RBRACE
    (105) primary -> . DOT LBRACE args_opt RBRACE
    (106) primary -> . INT
    (107) primary -> . STRING
    (108) primary -> . CHAR
    (109) primary -> . TRUE
    (110) primary -> . FALSE
    (111) primary -> . NULL
    (112) primary -> . UNDEFINED
    (113) primary -> . IDENT
    (114) primary -> . BUILTIN_IDENT
    (115) primary -> . LPAREN expression RPAREN

    MINUS           shift and go to state 50
    BANG            shift and go to state 51
    AMP             shift and go to state 52
    QUESTION        shift and go to state 53
    STRUCT          shift and go to state 58
    DOT             shift and go to state 57
    INT             shift and go to state 59
    STRING          shift and go to state 60
    CHAR            shift and go to state 61
    TRUE            shift and go to state 62
    FALSE           shift and go to state 63
    NULL            shift and go to state 64
    UNDEFINED       shift and go to state 65
    IDENT           shift and go to state 48
    BUILTIN_IDENT   shift and go to state 66
    LPAREN          shift and go to state 56

    expression                     shift and go to state 118
    postfix_expr                   shift and go to state 54
    primary                        shift and go to state 55

state 83

    (83) expression -> expression NE . expression
    (76) expression -> . expression DOTDOT expression
    (77) expression -> . expression PLUS expression
    (78) expression -> . expression MINUS expression
    (79) expression -> . expression STAR expression
    (80) expression -> . expression SLASH expression
    (81) expression -> . expression PERCENT expression
    (82) expression -> . expression EQEQ expression
    (83) expression -> . expression NE expression
    (84) expression -> . expression LT expression
    (85) expression -> . expression LE expression
    (86) expression -> . expression GT expression
    (87) expression -> . expression GE expression
    (88) expression -> . expression ANDAND expression
    (89) expression -> . expression OROR expression
    (90) expression -> . MINUS expression
    (91) expression -> . BANG expression
    (92) expression -> . AMP expression
    (93) expression -> . QUESTION expression
    (94) expression -> . postfix_expr
    (95) postfix_expr -> . primary
    (96) postfix_expr -> . postfix_expr LPAREN args_opt RPAREN
    (97) postfix_expr -> . postfix_expr DOT IDENT
    (98) postfix_expr -> . postfix_expr LBRACKET expression RBRACKET
    (99) postfix_expr -> . postfix_expr DOT STAR
    (104) primary -> . STRUCT LBRACE struct_fields_opt RBRACE
    (105) primary -> . DOT LBRACE args_opt RBRACE
    (106) primary -> . INT
    (107) primary -> . STRING
    (108) primary -> . CHAR
    (109) primary -> . TRUE
    (110) primary -> . FALSE
    (111) primary -> . NULL
    (112) primary -> . UNDEFINED
    (113) primary -> . IDENT
    (114) primary -> . BUILTIN_IDENT
    (115) primary -> . LPAREN expression RPAREN

    MINUS           shift and go to state 50
    BANG            shift and go to state 51
    AMP             shift and go to state 52
    QUESTION        shift and go to state 53
    STRUCT          shift and go to state 58
    DOT             shift and go to state 57
    INT             shift and go to state 59
    STRING          shift and go to state 60
    CHAR            shift and go to state 61
    TRUE            shift and go to state 62
    FALSE           shift and go to state 63
    NULL            shift and go to state 64
    UNDEFINED       shift and go to state 65
    IDENT           shift and go to state 48
    BUILTIN_IDENT   shift and go to state 66
    LPAREN          shift and go to state 56

    expression                     shift and go to state 119
    postfix_expr                   shift and go to state 54
    primary                        shift and go to state 55

state 84

    (84) expression -> expression LT . expression
    (76) expression -> . expression DOTDOT expression
    (77) expression -> . expression PLUS expression
    (78) expression -> . expression MINUS expression
    (79) expression -> . expression STAR expression
    (80) expression -> . expression SLASH expression
    (81) expression -> . expression PERCENT expression
    (82) expression -> . expression EQEQ expression
    (83) expression -> . expression NE expression
    (84) expression -> . expression LT expression
    (85) expression -> . expression LE expression
    (86) expression -> . expression GT expression
    (87) expression -> . expression GE expression
    (88) expression -> . expression ANDAND expression
    (89) expression -> . expression OROR expression
    (90) expression -> . MINUS expression
    (91) expression -> . BANG expression
    (92) expression -> . AMP expression
    (93) expression -> . QUESTION expression
    (94) expression -> . postfix_expr
    (95) postfix_expr -> . primary
    (96) postfix_expr -> . postfix_expr LPAREN args_opt RPAREN
    (97) postfix_expr -> . postfix_expr DOT IDENT
    (98) postfix_expr -> . postfix_expr LBRACKET expression RBRACKET
    (99) postfix_expr -> . postfix_expr DOT STAR
    (104) primary -> . STRUCT LBRACE struct_fields_opt RBRACE
    (105) primary -> . DOT LBRACE args_opt RBRACE
    (106) primary -> . INT
    (107) primary -> . STRING
    (108) primary -> . CHAR
    (109) primary -> . TRUE
    (110) primary -> . FALSE
    (111) primary -> . NULL
    (112) primary -> . UNDEFINED
    (113) primary -> . IDENT
    (114) primary -> . BUILTIN_IDENT
    (115) primary -> . LPAREN expression RPAREN

    MINUS           shift and go to state 50
    BANG            shift and go to state 51
    AMP             shift and go to state 52
    QUESTION        shift and go to state 53
    STRUCT          shift and go to state 58
    DOT             shift and go to state 57
    INT             shift and go to state 59
    STRING          shift and go to state 60
    CHAR            shift and go to state 61
    TRUE            shift and go to state 62
    FALSE           shift and go to state 63
    NULL            shift and go to state 64
    UNDEFINED       shift and go to state 65
    IDENT           shift and go to state 48
    BUILTIN_IDENT   shift and go to state 66
    LPAREN          shift and go to state 56

    expression                     shift and go to state 120
    postfix_expr                   shift and go to state 54
    primary                        shift and go to state 55

state 85

    (85) expression -> expression LE . expression
    (76) expression -> . expression DOTDOT expression
    (77) expression -> . expression PLUS expression
    (78) expression -> . expression MINUS expression
    (79) expression -> . expression STAR expression
    (80) expression -> . expression SLASH expression
    (81) expression -> . expression PERCENT expression
    (82) expression -> . expression EQEQ expression
    (83) expression -> . expression NE expression
    (84) expression -> . expression LT expression
    (85) expression -> . expression LE expression
    (86) expression -> . expression GT expression
    (87) expression -> . expression GE expression
    (88) expression -> . expression ANDAND expression
    (89) expression -> . expression OROR expression
    (90) expression -> . MINUS expression
    (91) expression -> . BANG expression
    (92) expression -> . AMP expression
    (93) expression -> . QUESTION expression
    (94) expression -> . postfix_expr
    (95) postfix_expr -> . primary
    (96) postfix_expr -> . postfix_expr LPAREN args_opt RPAREN
    (97) postfix_expr -> . postfix_expr DOT IDENT
    (98) postfix_expr -> . postfix_expr LBRACKET expression RBRACKET
    (99) postfix_expr -> . postfix_expr DOT STAR
    (104) primary -> . STRUCT LBRACE struct_fields_opt RBRACE
    (105) primary -> . DOT LBRACE args_opt RBRACE
    (106) primary -> . INT
    (107) primary -> . STRING
    (108) primary -> . CHAR
    (109) primary -> . TRUE
    (110) primary -> . FALSE
    (111) primary -> . NULL
    (112) primary -> . UNDEFINED
    (113) primary -> . IDENT
    (114) primary -> . BUILTIN_IDENT
    (115) primary -> . LPAREN expression RPAREN

    MINUS           shift and go to state 50
    BANG            shift and go to state 51
    AMP             shift and go to state 52
    QUESTION        shift and go to state 53
    STRUCT          shift and go to state 58
    DOT             shift and go to state 57
    INT             shift and go to state 59
    STRING          shift and go to state 60
    CHAR            shift and go to state 61
    TRUE            shift and go to state 62
    FALSE           shift and go to state 63
    NULL            shift and go to state 64
    UNDEFINED       shift and go to state 65
    IDENT           shift and go to state 48
    BUILTIN_IDENT   shift and go to state 66
    LPAREN          shift and go to state 56

    expression                     shift and go to state 121
    postfix_expr                   shift and go to state 54
    primary                        shift and go to state 55

state 86

    (86) expression -> expression GT . expression
    (76) expression -> . expression DOTDOT expression
    (77) expression -> . expression PLUS expression
    (78) expression -> . expression MINUS expression
    (79) expression -> . expression STAR expression
    (80) expression -> . expression SLASH expression
    (81) expression -> . expression PERCENT expression
    (82) expression -> . expression EQEQ expression
    (83) expression -> . expression NE expression
    (84) expression -> . expression LT expression
    (85) expression -> . expression LE expression
    (86) expression -> . expression GT expression
    (87) expression -> . expression GE expression
    (88) expression -> . expression ANDAND expression
    (89) expression -> . expression OROR expression
    (90) expression -> . MINUS expression
    (91) expression -> . BANG expression
    (92) expression -> . AMP expression
    (93) expression -> . QUESTION expression
    (94) expression -> . postfix_expr
    (95) postfix_expr -> . primary
    (96) postfix_expr -> . postfix_expr LPAREN args_opt RPAREN
    (97) postfix_expr -> . postfix_expr DOT IDENT
    (98) postfix_expr -> . postfix_expr LBRACKET expression RBRACKET
    (99) postfix_expr -> . postfix_expr DOT STAR
    (104) primary -> . STRUCT LBRACE struct_fields_opt RBRACE
    (105) primary -> . DOT LBRACE args_opt RBRACE
    (106) primary -> . INT
    (107) primary -> . STRING
    (108) primary -> . CHAR
    (109) primary -> . TRUE
    (110) primary -> . FALSE
    (111) primary -> . NULL
    (112) primary -> . UNDEFINED
    (113) primary -> . IDENT
    (114) primary -> . BUILTIN_IDENT
    (115) primary -> . LPAREN expression RPAREN

    MINUS           shift and go to state 50
    BANG            shift and go to state 51
    AMP             shift and go to state 52
    QUESTION        shift and go to state 53
    STRUCT          shift and go to state 58
    DOT             shift and go to state 57
    INT             shift and go to state 59
    STRING          shift and go to state 60
    CHAR            shift and go to state 61
    TRUE            shift and go to state 62
    FALSE           shift and go to state 63
    NULL            shift and go to state 64
    UNDEFINED       shift and go to state 65
    IDENT           shift and go to state 48
    BUILTIN_IDENT   shift and go to state 66
    LPAREN          shift and go to state 56

    expression                     shift and go to state 122
    postfix_expr                   shift and go to state 54
    primary                        shift and go to state 55

state 87

    (87) expression -> expression GE . expression
    (76) expression -> . expression DOTDOT expression
    (77) expression -> . expression PLUS expression
    (78) expression -> . expression MINUS expression
    (79) expression -> . expression STAR expression
    (80) expression -> . expression SLASH expression
    (81) expression -> . expression PERCENT expression
    (82) expression -> . expression EQEQ expression
    (83) expression -> . expression NE expression
    (84) expression -> . expression LT expression
    (85) expression -> . expression LE expression
    (86) expression -> . expression GT expression
    (87) expression -> . expression GE expression
    (88) expression -> . expression ANDAND expression
    (89) expression -> . expression OROR expression
    (90) expression -> . MINUS expression
    (91) expression -> . BANG expression
    (92) expression -> . AMP expression
    (93) expression -> . QUESTION expression
    (94) expression -> . postfix_expr
    (95) postfix_expr -> . primary
    (96) postfix_expr -> . postfix_expr LPAREN args_opt RPAREN
    (97) postfix_expr -> . postfix_expr DOT IDENT
    (98) postfix_expr -> . postfix_expr LBRACKET expression RBRACKET
    (99) postfix_expr -> . postfix_expr DOT STAR
    (104) primary -> . STRUCT LBRACE struct_fields_opt RBRACE
    (105) primary -> . DOT LBRACE args_opt RBRACE
    (106) primary -> . INT
    (107) primary -> . STRING
    (108) primary -> . CHAR
    (109) primary -> . TRUE
    (110) primary -> . FALSE
    (111) primary -> . NULL
    (112) primary -> . UNDEFINED
    (113) primary -> . IDENT
    (114) primary -> . BUILTIN_IDENT
    (115) primary -> . LPAREN expression RPAREN

    MINUS           shift and go to state 50
    BANG            shift and go to state 51
    AMP             shift and go to state 52
    QUESTION        shift and go to state 53
    STRUCT          shift and go to state 58
    DOT             shift and go to state 57
    INT             shift and go to state 59
    STRING          shift and go to state 60
    CHAR            shift and go to state 61
    TRUE            shift and go to state 62
    FALSE           shift and go to state 63
    NULL            shift and go to state 64
    UNDEFINED       shift and go to state 65
    IDENT           shift and go to state 48
    BUILTIN_IDENT   shift and go to state 66
    LPAREN          shift and go to state 56

    expression                     shift and go to state 123
    postfix_expr                   shift and go to state 54
    primary                        shift and go to state 55

state 88

    (88) expression -> expression ANDAND . expression
    (76) expression -> . expression DOTDOT expression
    (77) expression -> . expression PLUS expression
    (78) expression -> . expression MINUS expression
    (79) expression -> . expression STAR expression
    (80) expression -> . expression SLASH expression
    (81) expression -> . expression PERCENT expression
    (82) expression -> . expression EQEQ expression
    (83) expression -> . expression NE expression
    (84) expression -> . expression LT expression
    (85) expression -> . expression LE expression
    (86) expression -> . expression GT expression
    (87) expression -> . expression GE expression
    (88) expression -> . expression ANDAND expression
    (89) expression -> . expression OROR expression
    (90) expression -> . MINUS expression
    (91) expression -> . BANG expression
    (92) expression -> . AMP expression
    (93) expression -> . QUESTION expression
    (94) expression -> . postfix_expr
    (95) postfix_expr -> . primary
    (96) postfix_expr -> . postfix_expr LPAREN args_opt RPAREN
    (97) postfix_expr -> . postfix_expr DOT IDENT
    (98) postfix_expr -> . postfix_expr LBRACKET expression RBRACKET
    (99) postfix_expr -> . postfix_expr DOT STAR
    (104) primary -> . STRUCT LBRACE struct_fields_opt RBRACE
    (105) primary -> . DOT LBRACE args_opt RBRACE
    (106) primary -> . INT
    (107) primary -> . STRING
    (108) primary -> . CHAR
    (109) primary -> . TRUE
    (110) primary -> . FALSE
    (111) primary -> . NULL
    (112) primary -> . UNDEFINED
    (113) primary -> . IDENT
    (114) primary -> . BUILTIN_IDENT
    (115) primary -> . LPAREN expression RPAREN

    MINUS           shift and go to state 50
    BANG            shift and go to state 51
    AMP             shift and go to state 52
    QUESTION        shift and go to state 53
    STRUCT          shift and go to state 58
    DOT             shift and go to state 57
    INT             shift and go to state 59
    STRING          shift and go to state 60
    CHAR            shift and go to state 61
    TRUE            shift and go to state 62
    FALSE           shift and go to state 63
    NULL            shift and go to state 64
    UNDEFINED       shift and go to state 65
    IDENT           shift and go to state 48
    BUILTIN_IDENT   shift and go to state 66
    LPAREN          shift and go to state 56

    expression                     shift and go to state 124
    postfix_expr                   shift and go to state 54
    primary                        shift and go to state 55

state 89

    (89) expression -> expression OROR . expression
    (76) expression -> . expression DOTDOT expression
    (77) expression -> . expression PLUS expression
    (78) expression -> . expression MINUS expression
    (79) expression -> . expression STAR expression
    (80) expression -> . expression SLASH expression
    (81) expression -> . expression PERCENT expression
    (82) expression -> . expression EQEQ expression
    (83) expression -> . expression NE expression
    (84) expression -> . expression LT expression
    (85) expression -> . expression LE expression
    (86) expression -> . expression GT expression
    (87) expression -> . expression GE expression
    (88) expression -> . expression ANDAND expression
    (89) expression -> . expression OROR expression
    (90) expression -> . MINUS expression
    (91) expression -> . BANG expression
    (92) expression -> . AMP expression
    (93) expression -> . QUESTION expression
    (94) expression -> . postfix_expr
    (95) postfix_expr -> . primary
    (96) postfix_expr -> . postfix_expr LPAREN args_opt RPAREN
    (97) postfix_expr -> . postfix_expr DOT IDENT
    (98) postfix_expr -> . postfix_expr LBRACKET expression RBRACKET
    (99) postfix_expr -> . postfix_expr DOT STAR
    (104) primary -> . STRUCT LBRACE struct_fields_opt RBRACE
    (105) primary -> . DOT LBRACE args_opt RBRACE
    (106) primary -> . INT
    (107) primary -> . STRING
    (108) primary -> . CHAR
    (109) primary -> . TRUE
    (110) primary -> . FALSE
    (111) primary -> . NULL
    (112) primary -> . UNDEFINED
    (113) primary -> . IDENT
    (114) primary -> . BUILTIN_IDENT
    (115) primary -> . LPAREN expression RPAREN

    MINUS           shift and go to state 50
    BANG            shift and go to state 51
    AMP             shift and go to state 52
    QUESTION        shift and go to state 53
    STRUCT          shift and go to state 58
    DOT             shift and go to state 57
    INT             shift and go to state 59
    STRING          shift and go to state 60
    CHAR            shift and go to state 61
    TRUE            shift and go to state 62
    FALSE           shift and go to state 63
    NULL            shift and go to state 64
    UNDEFINED       shift and go to state 65
    IDENT           shift and go to state 48
    BUILTIN_IDENT   shift and go to state 66
    LPAREN          shift and go to state 56

    expression                     shift and go to state 125
    postfix_expr                   shift and go to state 54
    primary                        shift and go to state 55

state 90

    (90) expression -> MINUS expression .
    (76) expression -> expression . DOTDOT expression
    (77) expression -> expression . PLUS expression
    (78) expression -> expression . MINUS expression
    (79) expression -> expression . STAR expression
    (80) expression -> expression . SLASH expression
    (81) expression -> expression . PERCENT expression
    (82) expression -> expression . EQEQ expression
    (83) expression -> expression . NE expression
    (84) expression -> expression . LT expression
    (85) expression -> expression . LE expression
    (86) expression -> expression . GT expression
    (87) expression -> expression . GE expression
    (88) expression -> expression . ANDAND expression
    (89) expression -> expression . OROR expression

    DOTDOT          reduce using rule 90 (expression -> MINUS expression .)
    PLUS            reduce using rule 90 (expression -> MINUS expression .)
    MINUS           reduce using rule 90 (expression -> MINUS expression .)
    STAR            reduce using rule 90 (expression -> MINUS expression .)
    SLASH           reduce using rule 90 (expression -> MINUS expression .)
    PERCENT         reduce using rule 90 (expression -> MINUS expression .)
    EQEQ            reduce using rule 90 (expression -> MINUS expression .)
    NE              reduce using rule 90 (expression -> MINUS expression .)
    LT              reduce using rule 90 (expression -> MINUS expression .)
    LE              reduce using rule 90 (expression -> MINUS expression .)
    GT              reduce using rule 90 (expression -> MINUS expression .)
    GE              reduce using rule 90 (expression -> MINUS expression .)
    ANDAND          reduce using rule 90 (expression -> MINUS expression .)
    OROR            reduce using rule 90 (expression -> MINUS expression .)
    SEMICOLON       reduce using rule 90 (expression -> MINUS expression .)
    RBRACKET        reduce using rule 90 (expression -> MINUS expression .)
    RPAREN          reduce using rule 90 (expression -> MINUS expression .)
    COMMA           reduce using rule 90 (expression -> MINUS expression .)
    RBRACE          reduce using rule 90 (expression -> MINUS expression .)

  ! DOTDOT          [ shift and go to state 76 ]
  ! PLUS            [ shift and go to state 77 ]
  ! MINUS           [ shift and go to state 78 ]
  ! STAR            [ shift and go to state 79 ]
  ! SLASH           [ shift and go to state 80 ]
  ! PERCENT         [ shift and go to state 81 ]
  ! EQEQ            [ shift and go to state 82 ]
  ! NE              [ shift and go to state 83 ]
  ! LT              [ shift and go to state 84 ]
  ! LE              [ shift and go to state 85 ]
  ! GT              [ shift and go to state 86 ]
  ! GE              [ shift and go to state 87 ]
  ! ANDAND          [ shift and go to state 88 ]
  ! OROR            [ shift and go to state 89 ]


state 91

    (91) expression -> BANG expression .
    (76) expression -> expression . DOTDOT expression
    (77) expression -> expression . PLUS expression
    (78) expression -> expression . MINUS expression
    (79) expression -> expression . STAR expression
    (80) expression -> expression . SLASH expression
    (81) expression -> expression . PERCENT expression
    (82) expression -> expression . EQEQ expression
    (83) expression -> expression . NE expression
    (84) expression -> expression . LT expression
    (85) expression -> expression . LE expression
    (86) expression -> expression . GT expression
    (87) expression -> expression . GE expression
    (88) expression -> expression . ANDAND expression
    (89) expression -> expression . OROR expression

    DOTDOT          reduce using rule 91 (expression -> BANG expression .)
    PLUS            reduce using rule 91 (expression -> BANG expression .)
    MINUS           reduce using rule 91 (expression -> BANG expression .)
    STAR            reduce using rule 91 (expression -> BANG expression .)
    SLASH           reduce using rule 91 (expression -> BANG expression .)
    PERCENT         reduce using rule 91 (expression -> BANG expression .)
    EQEQ            reduce using rule 91 (expression -> BANG expression .)
    NE              reduce using rule 91 (expression -> BANG expression .)
    LT              reduce using rule 91 (expression -> BANG expression .)
    LE              reduce using rule 91 (expression -> BANG expression .)
    GT              reduce using rule 91 (expression -> BANG expression .)
    GE              reduce using rule 91 (expression -> BANG expression .)
    ANDAND          reduce using rule 91 (expression -> BANG expression .)
    OROR            reduce using rule 91 (expression -> BANG expression .)
    SEMICOLON       reduce using rule 91 (expression -> BANG expression .)
    RBRACKET        reduce using rule 91 (expression -> BANG expression .)
    RPAREN          reduce using rule 91 (expression -> BANG expression .)
    COMMA           reduce using rule 91 (expression -> BANG expression .)
    RBRACE          reduce using rule 91 (expression -> BANG expression .)

  ! DOTDOT          [ shift and go to state 76 ]
  ! PLUS            [ shift and go to state 77 ]
  ! MINUS           [ shift and go to state 78 ]
  ! STAR            [ shift and go to state 79 ]
  ! SLASH           [ shift and go to state 80 ]
  ! PERCENT         [ shift and go to state 81 ]
  ! EQEQ            [ shift and go to state 82 ]
  ! NE              [ shift and go to state 83 ]
  ! LT              [ shift and go to state 84 ]
  ! LE              [ shift and go to state 85 ]
  ! GT              [ shift and go to state 86 ]
  ! GE              [ shift and go to state 87 ]
  ! ANDAND          [ shift and go to state 88 ]
  ! OROR            [ shift and go to state 89 ]


state 92

    (92) expression -> AMP expression .
    (76) expression -> expression . DOTDOT expression
    (77) expression -> expression . PLUS expression
    (78) expression -> expression . MINUS expression
    (79) expression -> expression . STAR expression
    (80) expression -> expression . SLASH expression
    (81) expression -> expression . PERCENT expression
    (82) expression -> expression . EQEQ expression
    (83) expression -> expression . NE expression
    (84) expression -> expression . LT expression
    (85) expression -> expression . LE expression
    (86) expression -> expression . GT expression
    (87) expression -> expression . GE expression
    (88) expression -> expression . ANDAND expression
    (89) expression -> expression . OROR expression

    DOTDOT          reduce using rule 92 (expression -> AMP expression .)
    PLUS            reduce using rule 92 (expression -> AMP expression .)
    MINUS           reduce using rule 92 (expression -> AMP expression .)
    STAR            reduce using rule 92 (expression -> AMP expression .)
    SLASH           reduce using rule 92 (expression -> AMP expression .)
    PERCENT         reduce using rule 92 (expression -> AMP expression .)
    EQEQ            reduce using rule 92 (expression -> AMP expression .)
    NE              reduce using rule 92 (expression -> AMP expression .)
    LT              reduce using rule 92 (expression -> AMP expression .)
    LE              reduce using rule 92 (expression -> AMP expression .)
    GT              reduce using rule 92 (expression -> AMP expression .)
    GE              reduce using rule 92 (expression -> AMP expression .)
    ANDAND          reduce using rule 92 (expression -> AMP expression .)
    OROR            reduce using rule 92 (expression -> AMP expression .)
    SEMICOLON       reduce using rule 92 (expression -> AMP expression .)
    RBRACKET        reduce using rule 92 (expression -> AMP expression .)
    RPAREN          reduce using rule 92 (expression -> AMP expression .)
    COMMA           reduce using rule 92 (expression -> AMP expression .)
    RBRACE          reduce using rule 92 (expression -> AMP expression .)

  ! DOTDOT          [ shift and go to state 76 ]
  ! PLUS            [ shift and go to state 77 ]
  ! MINUS           [ shift and go to state 78 ]
  ! STAR            [ shift and go to state 79 ]
  ! SLASH           [ shift and go to state 80 ]
  ! PERCENT         [ shift and go to state 81 ]
  ! EQEQ            [ shift and go to state 82 ]
  ! NE              [ shift and go to state 83 ]
  ! LT              [ shift and go to state 84 ]
  ! LE              [ shift and go to state 85 ]
  ! GT              [ shift and go to state 86 ]
  ! GE              [ shift and go to state 87 ]
  ! ANDAND          [ shift and go to state 88 ]
  ! OROR            [ shift and go to state 89 ]


state 93

    (93) expression -> QUESTION expression .
    (76) expression -> expression . DOTDOT expression
    (77) expression -> expression . PLUS expression
    (78) expression -> expression . MINUS expression
    (79) expression -> expression . STAR expression
    (80) expression -> expression . SLASH expression
    (81) expression -> expression . PERCENT expression
    (82) expression -> expression . EQEQ expression
    (83) expression -> expression . NE expression
    (84) expression -> expression . LT expression
    (85) expression -> expression . LE expression
    (86) expression -> expression . GT expression
    (87) expression -> expression . GE expression
    (88) expression -> expression . ANDAND expression
    (89) expression -> expression . OROR expression

    DOTDOT          reduce using rule 93 (expression -> QUESTION expression .)
    PLUS            reduce using rule 93 (expression -> QUESTION expression .)
    MINUS           reduce using rule 93 (expression -> QUESTION expression .)
    STAR            reduce using rule 93 (expression -> QUESTION expression .)
    SLASH           reduce using rule 93 (expression -> QUESTION expression .)
    PERCENT         reduce using rule 93 (expression -> QUESTION expression .)
    EQEQ            reduce using rule 93 (expression -> QUESTION expression .)
    NE              reduce using rule 93 (expression -> QUESTION expression .)
    LT              reduce using rule 93 (expression -> QUESTION expression .)
    LE              reduce using rule 93 (expression -> QUESTION expression .)
    GT              reduce using rule 93 (expression -> QUESTION expression .)
    GE              reduce using rule 93 (expression -> QUESTION expression .)
    ANDAND          reduce using rule 93 (expression -> QUESTION expression .)
    OROR            reduce using rule 93 (expression -> QUESTION expression .)
    SEMICOLON       reduce using rule 93 (expression -> QUESTION expression .)
    RBRACKET        reduce using rule 93 (expression -> QUESTION expression .)
    RPAREN          reduce using rule 93 (expression -> QUESTION expression .)
    COMMA           reduce using rule 93 (expression -> QUESTION expression .)
    RBRACE          reduce using rule 93 (expression -> QUESTION expression .)

  ! DOTDOT          [ shift and go to state 76 ]
  ! PLUS            [ shift and go to state 77 ]
  ! MINUS           [ shift and go to state 78 ]
  ! STAR            [ shift and go to state 79 ]
  ! SLASH           [ shift and go to state 80 ]
  ! PERCENT         [ shift and go to state 81 ]
  ! EQEQ            [ shift and go to state 82 ]
  ! NE              [ shift and go to state 83 ]
  ! LT              [ shift and go to state 84 ]
  ! LE              [ shift and go to state 85 ]
  ! GT              [ shift and go to state 86 ]
  ! GE              [ shift and go to state 87 ]
  ! ANDAND          [ shift and go to state 88 ]
  ! OROR            [ shift and go to state 89 ]


state 94

    (96) postfix_expr -> postfix_expr LPAREN . args_opt RPAREN
    (100) args_opt -> . args
    (101) args_opt -> . empty
    (102) args -> . args COMMA expression
    (103) args -> . expression
    (116) empty -> .
    (76) expression -> . expression DOTDOT expression
    (77) expression -> . expression PLUS expression
    (78) expression -> . expression MINUS expression
    (79) expression -> . expression STAR expression
    (80) expression -> . expression SLASH expression
    (81) expression -> . expression PERCENT expression
    (82) expression -> . expression EQEQ expression
    (83) expression -> . expression NE expression
    (84) expression -> . expression LT expression
    (85) expression -> . expression LE expression
    (86) expression -> . expression GT expression
    (87) expression -> . expression GE expression
    (88) expression -> . expression ANDAND expression
    (89) expression -> . expression OROR expression
    (90) expression -> . MINUS expression
    (91) expression -> . BANG expression
    (92) expression -> . AMP expression
    (93) expression -> . QUESTION expression
    (94) expression -> . postfix_expr
    (95) postfix_expr -> . primary
    (96) postfix_expr -> . postfix_expr LPAREN args_opt RPAREN
    (97) postfix_expr -> . postfix_expr DOT IDENT
    (98) postfix_expr -> . postfix_expr LBRACKET expression RBRACKET
    (99) postfix_expr -> . postfix_expr DOT STAR
    (104) primary -> . STRUCT LBRACE struct_fields_opt RBRACE
    (105) primary -> . DOT LBRACE args_opt RBRACE
    (106) primary -> . INT
    (107) primary -> . STRING
    (108) primary -> . CHAR
    (109) primary -> . TRUE
    (110) primary -> . FALSE
    (111) primary -> . NULL
    (112) primary -> . UNDEFINED
    (113) primary -> . IDENT
    (114) primary -> . BUILTIN_IDENT
    (115) primary -> . LPAREN expression RPAREN

    RPAREN          reduce using rule 116 (empty -> .)
    MINUS           shift and go to state 50
    BANG            shift and go to state 51
    AMP             shift and go to state 52
    QUESTION        shift and go to state 53
    STRUCT          shift and go to state 58
    DOT             shift and go to state 57
    INT             shift and go to state 59
    STRING          shift and go to state 60
    CHAR            shift and go to state 61
    TRUE            shift and go to state 62
    FALSE           shift and go to state 63
    NULL            shift and go to state 64
    UNDEFINED       shift and go to state 65
    IDENT           shift and go to state 48
    BUILTIN_IDENT   shift and go to state 66
    LPAREN          shift and go to state 56

    postfix_expr                   shift and go to state 54
    args_opt                       shift and go to state 126
    args                           shift and go to state 127
    empty                          shift and go to state 128
    expression                     shift and go to state 129
    primary                        shift and go to state 55

state 95

    (97) postfix_expr -> postfix_expr DOT . IDENT
    (99) postfix_expr -> postfix_expr DOT . STAR

    IDENT           shift and go to state 130
    STAR            shift and go to state 131


state 96

    (98) postfix_expr -> postfix_expr LBRACKET . expression RBRACKET
    (76) expression -> . expression DOTDOT expression
    (77) expression -> . expression PLUS expression
    (78) expression -> . expression MINUS expression
    (79) expression -> . expression STAR expression
    (80) expression -> . expression SLASH expression
    (81) expression -> . expression PERCENT expression
    (82) expression -> . expression EQEQ expression
    (83) expression -> . expression NE expression
    (84) expression -> . expression LT expression
    (85) expression -> . expression LE expression
    (86) expression -> . expression GT expression
    (87) expression -> . expression GE expression
    (88) expression -> . expression ANDAND expression
    (89) expression -> . expression OROR expression
    (90) expression -> . MINUS expression
    (91) expression -> . BANG expression
    (92) expression -> . AMP expression
    (93) expression -> . QUESTION expression
    (94) expression -> . postfix_expr
    (95) postfix_expr -> . primary
    (96) postfix_expr -> . postfix_expr LPAREN args_opt RPAREN
    (97) postfix_expr -> . postfix_expr DOT IDENT
    (98) postfix_expr -> . postfix_expr LBRACKET expression RBRACKET
    (99) postfix_expr -> . postfix_expr DOT STAR
    (104) primary -> . STRUCT LBRACE struct_fields_opt RBRACE
    (105) primary -> . DOT LBRACE args_opt RBRACE
    (106) primary -> . INT
    (107) primary -> . STRING
    (108) primary -> . CHAR
    (109) primary -> . TRUE
    (110) primary -> . FALSE
    (111) primary -> . NULL
    (112) primary -> . UNDEFINED
    (113) primary -> . IDENT
    (114) primary -> . BUILTIN_IDENT
    (115) primary -> . LPAREN expression RPAREN

    MINUS           shift and go to state 50
    BANG            shift and go to state 51
    AMP             shift and go to state 52
    QUESTION        shift and go to state 53
    STRUCT          shift and go to state 58
    DOT             shift and go to state 57
    INT             shift and go to state 59
    STRING          shift and go to state 60
    CHAR            shift and go to state 61
    TRUE            shift and go to state 62
    FALSE           shift and go to state 63
    NULL            shift and go to state 64
    UNDEFINED       shift and go to state 65
    IDENT           shift and go to state 48
    BUILTIN_IDENT   shift and go to state 66
    LPAREN          shift and go to state 56

    postfix_expr                   shift and go to state 54
    expression                     shift and go to state 132
    primary                        shift and go to state 55

state 97

    (115) primary -> LPAREN expression . RPAREN
    (76) expression -> expression . DOTDOT expression
    (77) expression -> expression . PLUS expression
    (78) expression -> expression . MINUS expression
    (79) expression -> expression . STAR expression
    (80) expression -> expression . SLASH expression
    (81) expression -> expression . PERCENT expression
    (82) expression -> expression . EQEQ expression
    (83) expression -> expression . NE expression
    (84) expression -> expression . LT expression
    (85) expression -> expression . LE expression
    (86) expression -> expression . GT expression
    (87) expression -> expression . GE expression
    (88) expression -> expression . ANDAND expression
    (89) expression -> expression . OROR expression

    RPAREN          shift and go to state 133
    DOTDOT          shift and go to state 76
    PLUS            shift and go to state 77
    MINUS           shift and go to state 78
    STAR            shift and go to state 79
    SLASH           shift and go to state 80
    PERCENT         shift and go to state 81
    EQEQ            shift and go to state 82
    NE              shift and go to state 83
    LT              shift and go to state 84
    LE              shift and go to state 85
    GT              shift and go to state 86
    GE              shift and go to state 87
    ANDAND          shift and go to state 88
    OROR            shift and go to state 89


state 98

    (105) primary -> DOT LBRACE . args_opt RBRACE
    (100) args_opt -> . args
    (101) args_opt -> . empty
    (102) args -> . args COMMA expression
    (103) args -> . expression
    (116) empty -> .
    (76) expression -> . expression DOTDOT expression
    (77) expression -> . expression PLUS expression
    (78) expression -> . expression MINUS expression
    (79) expression -> . expression STAR expression
    (80) expression -> . expression SLASH expression
    (81) expression -> . expression PERCENT expression
    (82) expression -> . expression EQEQ expression
    (83) expression -> . expression NE expression
    (84) expression -> . expression LT expression
    (85) expression -> . expression LE expression
    (86) expression -> . expression GT expression
    (87) expression -> . expression GE expression
    (88) expression -> . expression ANDAND expression
    (89) expression -> . expression OROR expression
    (90) expression -> . MINUS expression
    (91) expression -> . BANG expression
    (92) expression -> . AMP expression
    (93) expression -> . QUESTION expression
    (94) expression -> . postfix_expr
    (95) postfix_expr -> . primary
    (96) postfix_expr -> . postfix_expr LPAREN args_opt RPAREN
    (97) postfix_expr -> . postfix_expr DOT IDENT
    (98) postfix_expr -> . postfix_expr LBRACKET expression RBRACKET
    (99) postfix_expr -> . postfix_expr DOT STAR
    (104) primary -> . STRUCT LBRACE struct_fields_opt RBRACE
    (105) primary -> . DOT LBRACE args_opt RBRACE
    (106) primary -> . INT
    (107) primary -> . STRING
    (108) primary -> . CHAR
    (109) primary -> . TRUE
    (110) primary -> . FALSE
    (111) primary -> . NULL
    (112) primary -> . UNDEFINED
    (113) primary -> . IDENT
    (114) primary -> . BUILTIN_IDENT
    (115) primary -> . LPAREN expression RPAREN

    RBRACE          reduce using rule 116 (empty -> .)
    MINUS           shift and go to state 50
    BANG            shift and go to state 51
    AMP             shift and go to state 52
    QUESTION        shift and go to state 53
    STRUCT          shift and go to state 58
    DOT             shift and go to state 57
    INT             shift and go to state 59
    STRING          shift and go to state 60
    CHAR            shift and go to state 61
    TRUE            shift and go to state 62
    FALSE           shift and go to state 63
    NULL            shift and go to state 64
    UNDEFINED       shift and go to state 65
    IDENT           shift and go to state 48
    BUILTIN_IDENT   shift and go to state 66
    LPAREN          shift and go to state 56

    args_opt                       shift and go to state 134
    args                           shift and go to state 127
    empty                          shift and go to state 128
    expression                     shift and go to state 129
    postfix_expr                   shift and go to state 54
    primary                        shift and go to state 55

state 99

    (104) primary -> STRUCT LBRACE . struct_fields_opt RBRACE
    (36) struct_fields_opt -> . struct_fields
    (37) struct_fields_opt -> . empty
    (38) struct_fields -> . struct_fields struct_field
    (39) struct_fields -> . struct_field
    (116) empty -> .
    (40) struct_field -> . IDENT COLON type_expr COMMA
    (41) struct_field -> . IDENT COLON type_expr

    RBRACE          reduce using rule 116 (empty -> .)
    IDENT           shift and go to state 104

    struct_fields_opt              shift and go to state 135
    struct_fields                  shift and go to state 101
    empty                          shift and go to state 102
    struct_field                   shift and go to state 103

state 100

    (35) type_expr -> STRUCT LBRACE struct_fields_opt . RBRACE

    RBRACE          shift and go to state 136


state 101

    (36) struct_fields_opt -> struct_fields .
    (38) struct_fields -> struct_fields . struct_field
    (40) struct_field -> . IDENT COLON type_expr COMMA
    (41) struct_field -> . IDENT COLON type_expr

    RBRACE          reduce using rule 36 (struct_fields_opt -> struct_fields .)
    IDENT           shift and go to state 104

    struct_field                   shift and go to state 137

state 102

    (37) struct_fields_opt -> empty .

    RBRACE          reduce using rule 37 (struct_fields_opt -> empty .)


state 103

    (39) struct_fields -> struct_field .

    IDENT           reduce using rule 39 (struct_fields -> struct_field .)
    RBRACE          reduce using rule 39 (struct_fields -> struct_field .)


state 104

    (40) struct_field -> IDENT . COLON type_expr COMMA
    (41) struct_field -> IDENT . COLON type_expr

    COLON           shift and go to state 138


state 105

    (44) type_expr -> LBRACKET RBRACKET type_expr .

    EQ              reduce using rule 44 (type_expr -> LBRACKET RBRACKET type_expr .)
    SEMICOLON       reduce using rule 44 (type_expr -> LBRACKET RBRACKET type_expr .)
    COMMA           reduce using rule 44 (type_expr -> LBRACKET RBRACKET type_expr .)
    RPAREN          reduce using rule 44 (type_expr -> LBRACKET RBRACKET type_expr .)
    LBRACE          reduce using rule 44 (type_expr -> LBRACKET RBRACKET type_expr .)
    IDENT           reduce using rule 44 (type_expr -> LBRACKET RBRACKET type_expr .)
    RBRACE          reduce using rule 44 (type_expr -> LBRACKET RBRACKET type_expr .)


state 106

    (45) type_expr -> LBRACKET expression RBRACKET . type_expr
    (22) type_expr -> . IDENT
    (23) type_expr -> . TYPE_VOID
    (24) type_expr -> . TYPE_BOOL
    (25) type_expr -> . TYPE_USIZE
    (26) type_expr -> . TYPE_ISIZE
    (27) type_expr -> . TYPE_U8
    (28) type_expr -> . TYPE_U16
    (29) type_expr -> . TYPE_U32
    (30) type_expr -> . TYPE_U64
    (31) type_expr -> . TYPE_I8
    (32) type_expr -> . TYPE_I16
    (33) type_expr -> . TYPE_I32
    (34) type_expr -> . TYPE_I64
    (35) type_expr -> . STRUCT LBRACE struct_fields_opt RBRACE
    (42) type_expr -> . QUESTION type_expr
    (43) type_expr -> . STAR type_expr
    (44) type_expr -> . LBRACKET RBRACKET type_expr
    (45) type_expr -> . LBRACKET expression RBRACKET type_expr

    IDENT           shift and go to state 25
    TYPE_VOID       shift and go to state 26
    TYPE_BOOL       shift and go to state 27
    TYPE_USIZE      shift and go to state 28
    TYPE_ISIZE      shift and go to state 29
    TYPE_U8         shift and go to state 30
    TYPE_U16        shift and go to state 31
    TYPE_U32        shift and go to state 32
    TYPE_U64        shift and go to state 33
    TYPE_I8         shift and go to state 34
    TYPE_I16        shift and go to state 35
    TYPE_I32        shift and go to state 36
    TYPE_I64        shift and go to state 37
    STRUCT          shift and go to state 38
    QUESTION        shift and go to state 39
    STAR            shift and go to state 40
    LBRACKET        shift and go to state 41

    type_expr                      shift and go to state 139

state 107

    (19) param -> IDENT COLON type_expr .

    COMMA           reduce using rule 19 (param -> IDENT COLON type_expr .)
    RPAREN          reduce using rule 19 (param -> IDENT COLON type_expr .)


state 108

    (14) fn_decl -> FN IDENT LPAREN params_opt RPAREN return_type_opt . block
    (46) block -> . LBRACE statements_opt RBRACE

    LBRACE          shift and go to state 141

    block                          shift and go to state 140

state 109

    (20) return_type_opt -> type_expr .

    LBRACE          reduce using rule 20 (return_type_opt -> type_expr .)


state 110

    (21) return_type_opt -> empty .

    LBRACE          reduce using rule 21 (return_type_opt -> empty .)


state 111

    (17) params -> params COMMA param .

    COMMA           reduce using rule 17 (params -> params COMMA param .)
    RPAREN          reduce using rule 17 (params -> params COMMA param .)


state 112

    (76) expression -> expression DOTDOT expression .
    (76) expression -> expression . DOTDOT expression
    (77) expression -> expression . PLUS expression
    (78) expression -> expression . MINUS expression
    (79) expression -> expression . STAR expression
    (80) expression -> expression . SLASH expression
    (81) expression -> expression . PERCENT expression
    (82) expression -> expression . EQEQ expression
    (83) expression -> expression . NE expression
    (84) expression -> expression . LT expression
    (85) expression -> expression . LE expression
    (86) expression -> expression . GT expression
    (87) expression -> expression . GE expression
    (88) expression -> expression . ANDAND expression
    (89) expression -> expression . OROR expression

  ! shift/reduce conflict for DOTDOT resolved as shift
  ! shift/reduce conflict for PLUS resolved as shift
  ! shift/reduce conflict for MINUS resolved as shift
  ! shift/reduce conflict for STAR resolved as shift
  ! shift/reduce conflict for SLASH resolved as shift
  ! shift/reduce conflict for PERCENT resolved as shift
  ! shift/reduce conflict for EQEQ resolved as shift
  ! shift/reduce conflict for NE resolved as shift
  ! shift/reduce conflict for LT resolved as shift
  ! shift/reduce conflict for LE resolved as shift
  ! shift/reduce conflict for GT resolved as shift
  ! shift/reduce conflict for GE resolved as shift
  ! shift/reduce conflict for ANDAND resolved as shift
  ! shift/reduce conflict for OROR resolved as shift
    SEMICOLON       reduce using rule 76 (expression -> expression DOTDOT expression .)
    RBRACKET        reduce using rule 76 (expression -> expression DOTDOT expression .)
    RPAREN          reduce using rule 76 (expression -> expression DOTDOT expression .)
    COMMA           reduce using rule 76 (expression -> expression DOTDOT expression .)
    RBRACE          reduce using rule 76 (expression -> expression DOTDOT expression .)
    DOTDOT          shift and go to state 76
    PLUS            shift and go to state 77
    MINUS           shift and go to state 78
    STAR            shift and go to state 79
    SLASH           shift and go to state 80
    PERCENT         shift and go to state 81
    EQEQ            shift and go to state 82
    NE              shift and go to state 83
    LT              shift and go to state 84
    LE              shift and go to state 85
    GT              shift and go to state 86
    GE              shift and go to state 87
    ANDAND          shift and go to state 88
    OROR            shift and go to state 89

  ! DOTDOT          [ reduce using rule 76 (expression -> expression DOTDOT expression .) ]
  ! PLUS            [ reduce using rule 76 (expression -> expression DOTDOT expression .) ]
  ! MINUS           [ reduce using rule 76 (expression -> expression DOTDOT expression .) ]
  ! STAR            [ reduce using rule 76 (expression -> expression DOTDOT expression .) ]
  ! SLASH           [ reduce using rule 76 (expression -> expression DOTDOT expression .) ]
  ! PERCENT         [ reduce using rule 76 (expression -> expression DOTDOT expression .) ]
  ! EQEQ            [ reduce using rule 76 (expression -> expression DOTDOT expression .) ]
  ! NE              [ reduce using rule 76 (expression -> expression DOTDOT expression .) ]
  ! LT              [ reduce using rule 76 (expression -> expression DOTDOT expression .) ]
  ! LE              [ reduce using rule 76 (expression -> expression DOTDOT expression .) ]
  ! GT              [ reduce using rule 76 (expression -> expression DOTDOT expression .) ]
  ! GE              [ reduce using rule 76 (expression -> expression DOTDOT expression .) ]
  ! ANDAND          [ reduce using rule 76 (expression -> expression DOTDOT expression .) ]
  ! OROR            [ reduce using rule 76 (expression -> expression DOTDOT expression .) ]


state 113

    (77) expression -> expression PLUS expression .
    (76) expression -> expression . DOTDOT expression
    (77) expression -> expression . PLUS expression
    (78) expression -> expression . MINUS expression
    (79) expression -> expression . STAR expression
    (80) expression -> expression . SLASH expression
    (81) expression -> expression . PERCENT expression
    (82) expression -> expression . EQEQ expression
    (83) expression -> expression . NE expression
    (84) expression -> expression . LT expression
    (85) expression -> expression . LE expression
    (86) expression -> expression . GT expression
    (87) expression -> expression . GE expression
    (88) expression -> expression . ANDAND expression
    (89) expression -> expression . OROR expression

    DOTDOT          reduce using rule 77 (expression -> expression PLUS expression .)
    PLUS            reduce using rule 77 (expression -> expression PLUS expression .)
    MINUS           reduce using rule 77 (expression -> expression PLUS expression .)
    EQEQ            reduce using rule 77 (expression -> expression PLUS expression .)
    NE              reduce using rule 77 (expression -> expression PLUS expression .)
    LT              reduce using rule 77 (expression -> expression PLUS expression .)
    LE              reduce using rule 77 (expression -> expression PLUS expression .)
    GT              reduce using rule 77 (expression -> expression PLUS expression .)
    GE              reduce using rule 77 (expression -> expression PLUS expression .)
    ANDAND          reduce using rule 77 (expression -> expression PLUS expression .)
    OROR            reduce using rule 77 (expression -> expression PLUS expression .)
    SEMICOLON       reduce using rule 77 (expression -> expression PLUS expression .)
    RBRACKET        reduce using rule 77 (expression -> expression PLUS expression .)
    RPAREN          reduce using rule 77 (expression -> expression PLUS expression .)
    COMMA           reduce using rule 77 (expression -> expression PLUS expression .)
    RBRACE          reduce using rule 77 (expression -> expression PLUS expression .)
    STAR            shift and go to state 79
    SLASH           shift and go to state 80
    PERCENT         shift and go to state 81

  ! STAR            [ reduce using rule 77 (expression -> expression PLUS expression .) ]
  ! SLASH           [ reduce using rule 77 (expression -> expression PLUS expression .) ]
  ! PERCENT         [ reduce using rule 77 (expression -> expression PLUS expression .) ]
  ! DOTDOT          [ shift and go to state 76 ]
  ! PLUS            [ shift and go to state 77 ]
  ! MINUS           [ shift and go to state 78 ]
  ! EQEQ            [ shift and go to state 82 ]
  ! NE              [ shift and go to state 83 ]
  ! LT              [ shift and go to state 84 ]
  ! LE              [ shift and go to state 85 ]
  ! GT              [ shift and go to state 86 ]
  ! GE              [ shift and go to state 87 ]
  ! ANDAND          [ shift and go to state 88 ]
  ! OROR            [ shift and go to state 89 ]


state 114

    (78) expression -> expression MINUS expression .
    (76) expression -> expression . DOTDOT expression
    (77) expression -> expression . PLUS expression
    (78) expression -> expression . MINUS expression
    (79) expression -> expression . STAR expression
    (80) expression -> expression . SLASH expression
    (81) expression -> expression . PERCENT expression
    (82) expression -> expression . EQEQ expression
    (83) expression -> expression . NE expression
    (84) expression -> expression . LT expression
    (85) expression -> expression . LE expression
    (86) expression -> expression . GT expression
    (87) expression -> expression . GE expression
    (88) expression -> expression . ANDAND expression
    (89) expression -> expression . OROR expression

    DOTDOT          reduce using rule 78 (expression -> expression MINUS expression .)
    PLUS            reduce using rule 78 (expression -> expression MINUS expression .)
    MINUS           reduce using rule 78 (expression -> expression MINUS expression .)
    EQEQ            reduce using rule 78 (expression -> expression MINUS expression .)
    NE              reduce using rule 78 (expression -> expression MINUS expression .)
    LT              reduce using rule 78 (expression -> expression MINUS expression .)
    LE              reduce using rule 78 (expression -> expression MINUS expression .)
    GT              reduce using rule 78 (expression -> expression MINUS expression .)
    GE              reduce using rule 78 (expression -> expression MINUS expression .)
    ANDAND          reduce using rule 78 (expression -> expression MINUS expression .)
    OROR            reduce using rule 78 (expression -> expression MINUS expression .)
    SEMICOLON       reduce using rule 78 (expression -> expression MINUS expression .)
    RBRACKET        reduce using rule 78 (expression -> expression MINUS expression .)
    RPAREN          reduce using rule 78 (expression -> expression MINUS expression .)
    COMMA           reduce using rule 78 (expression -> expression MINUS expression .)
    RBRACE          reduce using rule 78 (expression -> expression MINUS expression .)
    STAR            shift and go to state 79
    SLASH           shift and go to state 80
    PERCENT         shift and go to state 81

  ! STAR            [ reduce using rule 78 (expression -> expression MINUS expression .) ]
  ! SLASH           [ reduce using rule 78 (expression -> expression MINUS expression .) ]
  ! PERCENT         [ reduce using rule 78 (expression -> expression MINUS expression .) ]
  ! DOTDOT          [ shift and go to state 76 ]
  ! PLUS            [ shift and go to state 77 ]
  ! MINUS           [ shift and go to state 78 ]
  ! EQEQ            [ shift and go to state 82 ]
  ! NE              [ shift and go to state 83 ]
  ! LT              [ shift and go to state 84 ]
  ! LE              [ shift and go to state 85 ]
  ! GT              [ shift and go to state 86 ]
  ! GE              [ shift and go to state 87 ]
  ! ANDAND          [ shift and go to state 88 ]
  ! OROR            [ shift and go to state 89 ]


state 115

    (79) expression -> expression STAR expression .
    (76) expression -> expression . DOTDOT expression
    (77) expression -> expression . PLUS expression
    (78) expression -> expression . MINUS expression
    (79) expression -> expression . STAR expression
    (80) expression -> expression . SLASH expression
    (81) expression -> expression . PERCENT expression
    (82) expression -> expression . EQEQ expression
    (83) expression -> expression . NE expression
    (84) expression -> expression . LT expression
    (85) expression -> expression . LE expression
    (86) expression -> expression . GT expression
    (87) expression -> expression . GE expression
    (88) expression -> expression . ANDAND expression
    (89) expression -> expression . OROR expression

    DOTDOT          reduce using rule 79 (expression -> expression STAR expression .)
    PLUS            reduce using rule 79 (expression -> expression STAR expression .)
    MINUS           reduce using rule 79 (expression -> expression STAR expression .)
    STAR            reduce using rule 79 (expression -> expression STAR expression .)
    SLASH           reduce using rule 79 (expression -> expression STAR expression .)
    PERCENT         reduce using rule 79 (expression -> expression STAR expression .)
    EQEQ            reduce using rule 79 (expression -> expression STAR expression .)
    NE              reduce using rule 79 (expression -> expression STAR expression .)
    LT              reduce using rule 79 (expression -> expression STAR expression .)
    LE              reduce using rule 79 (expression -> expression STAR expression .)
    GT              reduce using rule 79 (expression -> expression STAR expression .)
    GE              reduce using rule 79 (expression -> expression STAR expression .)
    ANDAND          reduce using rule 79 (expression -> expression STAR expression .)
    OROR            reduce using rule 79 (expression -> expression STAR expression .)
    SEMICOLON       reduce using rule 79 (expression -> expression STAR expression .)
    RBRACKET        reduce using rule 79 (expression -> expression STAR expression .)
    RPAREN          reduce using rule 79 (expression -> expression STAR expression .)
    COMMA           reduce using rule 79 (expression -> expression STAR expression .)
    RBRACE          reduce using rule 79 (expression -> expression STAR expression .)

  ! DOTDOT          [ shift and go to state 76 ]
  ! PLUS            [ shift and go to state 77 ]
  ! MINUS           [ shift and go to state 78 ]
  ! STAR            [ shift and go to state 79 ]
  ! SLASH           [ shift and go to state 80 ]
  ! PERCENT         [ shift and go to state 81 ]
  ! EQEQ            [ shift and go to state 82 ]
  ! NE              [ shift and go to state 83 ]
  ! LT              [ shift and go to state 84 ]
  ! LE              [ shift and go to state 85 ]
  ! GT              [ shift and go to state 86 ]
  ! GE              [ shift and go to state 87 ]
  ! ANDAND          [ shift and go to state 88 ]
  ! OROR            [ shift and go to state 89 ]


state 116

    (80) expression -> expression SLASH expression .
    (76) expression -> expression . DOTDOT expression
    (77) expression -> expression . PLUS expression
    (78) expression -> expression . MINUS expression
    (79) expression -> expression . STAR expression
    (80) expression -> expression . SLASH expression
    (81) expression -> expression . PERCENT expression
    (82) expression -> expression . EQEQ expression
    (83) expression -> expression . NE expression
    (84) expression -> expression . LT expression
    (85) expression -> expression . LE expression
    (86) expression -> expression . GT expression
    (87) expression -> expression . GE expression
    (88) expression -> expression . ANDAND expression
    (89) expression -> expression . OROR expression

    DOTDOT          reduce using rule 80 (expression -> expression SLASH expression .)
    PLUS            reduce using rule 80 (expression -> expression SLASH expression .)
    MINUS           reduce using rule 80 (expression -> expression SLASH expression .)
    STAR            reduce using rule 80 (expression -> expression SLASH expression .)
    SLASH           reduce using rule 80 (expression -> expression SLASH expression .)
    PERCENT         reduce using rule 80 (expression -> expression SLASH expression .)
    EQEQ            reduce using rule 80 (expression -> expression SLASH expression .)
    NE              reduce using rule 80 (expression -> expression SLASH expression .)
    LT              reduce using rule 80 (expression -> expression SLASH expression .)
    LE              reduce using rule 80 (expression -> expression SLASH expression .)
    GT              reduce using rule 80 (expression -> expression SLASH expression .)
    GE              reduce using rule 80 (expression -> expression SLASH expression .)
    ANDAND          reduce using rule 80 (expression -> expression SLASH expression .)
    OROR            reduce using rule 80 (expression -> expression SLASH expression .)
    SEMICOLON       reduce using rule 80 (expression -> expression SLASH expression .)
    RBRACKET        reduce using rule 80 (expression -> expression SLASH expression .)
    RPAREN          reduce using rule 80 (expression -> expression SLASH expression .)
    COMMA           reduce using rule 80 (expression -> expression SLASH expression .)
    RBRACE          reduce using rule 80 (expression -> expression SLASH expression .)

  ! DOTDOT          [ shift and go to state 76 ]
  ! PLUS            [ shift and go to state 77 ]
  ! MINUS           [ shift and go to state 78 ]
  ! STAR            [ shift and go to state 79 ]
  ! SLASH           [ shift and go to state 80 ]
  ! PERCENT         [ shift and go to state 81 ]
  ! EQEQ            [ shift and go to state 82 ]
  ! NE              [ shift and go to state 83 ]
  ! LT              [ shift and go to state 84 ]
  ! LE              [ shift and go to state 85 ]
  ! GT              [ shift and go to state 86 ]
  ! GE              [ shift and go to state 87 ]
  ! ANDAND          [ shift and go to state 88 ]
  ! OROR            [ shift and go to state 89 ]


state 117

    (81) expression -> expression PERCENT expression .
    (76) expression -> expression . DOTDOT expression
    (77) expression -> expression . PLUS expression
    (78) expression -> expression . MINUS expression
    (79) expression -> expression . STAR expression
    (80) expression -> expression . SLASH expression
    (81) expression -> expression . PERCENT expression
    (82) expression -> expression . EQEQ expression
    (83) expression -> expression . NE expression
    (84) expression -> expression . LT expression
    (85) expression -> expression . LE expression
    (86) expression -> expression . GT expression
    (87) expression -> expression . GE expression
    (88) expression -> expression . ANDAND expression
    (89) expression -> expression . OROR expression

    DOTDOT          reduce using rule 81 (expression -> expression PERCENT expression .)
    PLUS            reduce using rule 81 (expression -> expression PERCENT expression .)
    MINUS           reduce using rule 81 (expression -> expression PERCENT expression .)
    STAR            reduce using rule 81 (expression -> expression PERCENT expression .)
    SLASH           reduce using rule 81 (expression -> expression PERCENT expression .)
    PERCENT         reduce using rule 81 (expression -> expression PERCENT expression .)
    EQEQ            reduce using rule 81 (expression -> expression PERCENT expression .)
    NE              reduce using rule 81 (expression -> expression PERCENT expression .)
    LT              reduce using rule 81 (expression -> expression PERCENT expression .)
    LE              reduce using rule 81 (expression -> expression PERCENT expression .)
    GT              reduce using rule 81 (expression -> expression PERCENT expression .)
    GE              reduce using rule 81 (expression -> expression PERCENT expression .)
    ANDAND          reduce using rule 81 (expression -> expression PERCENT expression .)
    OROR            reduce using rule 81 (expression -> expression PERCENT expression .)
    SEMICOLON       reduce using rule 81 (expression -> expression PERCENT expression .)
    RBRACKET        reduce using rule 81 (expression -> expression PERCENT expression .)
    RPAREN          reduce using rule 81 (expression -> expression PERCENT expression .)
    COMMA           reduce using rule 81 (expression -> expression PERCENT expression .)
    RBRACE          reduce using rule 81 (expression -> expression PERCENT expression .)

  ! DOTDOT          [ shift and go to state 76 ]
  ! PLUS            [ shift and go to state 77 ]
  ! MINUS           [ shift and go to state 78 ]
  ! STAR            [ shift and go to state 79 ]
  ! SLASH           [ shift and go to state 80 ]
  ! PERCENT         [ shift and go to state 81 ]
  ! EQEQ            [ shift and go to state 82 ]
  ! NE              [ shift and go to state 83 ]
  ! LT              [ shift and go to state 84 ]
  ! LE              [ shift and go to state 85 ]
  ! GT              [ shift and go to state 86 ]
  ! GE              [ shift and go to state 87 ]
  ! ANDAND          [ shift and go to state 88 ]
  ! OROR            [ shift and go to state 89 ]


state 118

    (82) expression -> expression EQEQ expression .
    (76) expression -> expression . DOTDOT expression
    (77) expression -> expression . PLUS expression
    (78) expression -> expression . MINUS expression
    (79) expression -> expression . STAR expression
    (80) expression -> expression . SLASH expression
    (81) expression -> expression . PERCENT expression
    (82) expression -> expression . EQEQ expression
    (83) expression -> expression . NE expression
    (84) expression -> expression . LT expression
    (85) expression -> expression . LE expression
    (86) expression -> expression . GT expression
    (87) expression -> expression . GE expression
    (88) expression -> expression . ANDAND expression
    (89) expression -> expression . OROR expression

    DOTDOT          reduce using rule 82 (expression -> expression EQEQ expression .)
    EQEQ            reduce using rule 82 (expression -> expression EQEQ expression .)
    NE              reduce using rule 82 (expression -> expression EQEQ expression .)
    ANDAND          reduce using rule 82 (expression -> expression EQEQ expression .)
    OROR            reduce using rule 82 (expression -> expression EQEQ expression .)
    SEMICOLON       reduce using rule 82 (expression -> expression EQEQ expression .)
    RBRACKET        reduce using rule 82 (expression -> expression EQEQ expression .)
    RPAREN          reduce using rule 82 (expression -> expression EQEQ expression .)
    COMMA           reduce using rule 82 (expression -> expression EQEQ expression .)
    RBRACE          reduce using rule 82 (expression -> expression EQEQ expression .)
    PLUS            shift and go to state 77
    MINUS           shift and go to state 78
    STAR            shift and go to state 79
    SLASH           shift and go to state 80
    PERCENT         shift and go to state 81
    LT              shift and go to state 84
    LE              shift and go to state 85
    GT              shift and go to state 86
    GE              shift and go to state 87

  ! PLUS            [ reduce using rule 82 (expression -> expression EQEQ expression .) ]
  ! MINUS           [ reduce using rule 82 (expression -> expression EQEQ expression .) ]
  ! STAR            [ reduce using rule 82 (expression -> expression EQEQ expression .) ]
  ! SLASH           [ reduce using rule 82 (expression -> expression EQEQ expression .) ]
  ! PERCENT         [ reduce using rule 82 (expression -> expression EQEQ expression .) ]
  ! LT              [ reduce using rule 82 (expression -> expression EQEQ expression .) ]
  ! LE              [ reduce using rule 82 (expression -> expression EQEQ expression .) ]
  ! GT              [ reduce using rule 82 (expression -> expression EQEQ expression .) ]
  ! GE              [ reduce using rule 82 (expression -> expression EQEQ expression .) ]
  ! DOTDOT          [ shift and go to state 76 ]
  ! EQEQ            [ shift and go to state 82 ]
  ! NE              [ shift and go to state 83 ]
  ! ANDAND          [ shift and go to state 88 ]
  ! OROR            [ shift and go to state 89 ]


state 119

    (83) expression -> expression NE expression .
    (76) expression -> expression . DOTDOT expression
    (77) expression -> expression . PLUS expression
    (78) expression -> expression . MINUS expression
    (79) expression -> expression . STAR expression
    (80) expression -> expression . SLASH expression
    (81) expression -> expression . PERCENT expression
    (82) expression -> expression . EQEQ expression
    (83) expression -> expression . NE expression
    (84) expression -> expression . LT expression
    (85) expression -> expression . LE expression
    (86) expression -> expression . GT expression
    (87) expression -> expression . GE expression
    (88) expression -> expression . ANDAND expression
    (89) expression -> expression . OROR expression

    DOTDOT          reduce using rule 83 (expression -> expression NE expression .)
    EQEQ            reduce using rule 83 (expression -> expression NE expression .)
    NE              reduce using rule 83 (expression -> expression NE expression .)
    ANDAND          reduce using rule 83 (expression -> expression NE expression .)
    OROR            reduce using rule 83 (expression -> expression NE expression .)
    SEMICOLON       reduce using rule 83 (expression -> expression NE expression .)
    RBRACKET        reduce using rule 83 (expression -> expression NE expression .)
    RPAREN          reduce using rule 83 (expression -> expression NE expression .)
    COMMA           reduce using rule 83 (expression -> expression NE expression .)
    RBRACE          reduce using rule 83 (expression -> expression NE expression .)
    PLUS            shift and go to state 77
    MINUS           shift and go to state 78
    STAR            shift and go to state 79
    SLASH           shift and go to state 80
    PERCENT         shift and go to state 81
    LT              shift and go to state 84
    LE              shift and go to state 85
    GT              shift and go to state 86
    GE              shift and go to state 87

  ! PLUS            [ reduce using rule 83 (expression -> expression NE expression .) ]
  ! MINUS           [ reduce using rule 83 (expression -> expression NE expression .) ]
  ! STAR            [ reduce using rule 83 (expression -> expression NE expression .) ]
  ! SLASH           [ reduce using rule 83 (expression -> expression NE expression .) ]
  ! PERCENT         [ reduce using rule 83 (expression -> expression NE expression .) ]
  ! LT              [ reduce using rule 83 (expression -> expression NE expression .) ]
  ! LE              [ reduce using rule 83 (expression -> expression NE expression .) ]
  ! GT              [ reduce using rule 83 (expression -> expression NE expression .) ]
  ! GE              [ reduce using rule 83 (expression -> expression NE expression .) ]
  ! DOTDOT          [ shift and go to state 76 ]
  ! EQEQ            [ shift and go to state 82 ]
  ! NE              [ shift and go to state 83 ]
  ! ANDAND          [ shift and go to state 88 ]
  ! OROR            [ shift and go to state 89 ]


state 120

    (84) expression -> expression LT expression .
    (76) expression -> expression . DOTDOT expression
    (77) expression -> expression . PLUS expression
    (78) expression -> expression . MINUS expression
    (79) expression -> expression . STAR expression
    (80) expression -> expression . SLASH expression
    (81) expression -> expression . PERCENT expression
    (82) expression -> expression . EQEQ expression
    (83) expression -> expression . NE expression
    (84) expression -> expression . LT expression
    (85) expression -> expression . LE expression
    (86) expression -> expression . GT expression
    (87) expression -> expression . GE expression
    (88) expression -> expression . ANDAND expression
    (89) expression -> expression . OROR expression

    DOTDOT          reduce using rule 84 (expression -> expression LT expression .)
    EQEQ            reduce using rule 84 (expression -> expression LT expression .)
    NE              reduce using rule 84 (expression -> expression LT expression .)
    LT              reduce using rule 84 (expression -> expression LT expression .)
    LE              reduce using rule 84 (expression -> expression LT expression .)
    GT              reduce using rule 84 (expression -> expression LT expression .)
    GE              reduce using rule 84 (expression -> expression LT expression .)
    ANDAND          reduce using rule 84 (expression -> expression LT expression .)
    OROR            reduce using rule 84 (expression -> expression LT expression .)
    SEMICOLON       reduce using rule 84 (expression -> expression LT expression .)
    RBRACKET        reduce using rule 84 (expression -> expression LT expression .)
    RPAREN          reduce using rule 84 (expression -> expression LT expression .)
    COMMA           reduce using rule 84 (expression -> expression LT expression .)
    RBRACE          reduce using rule 84 (expression -> expression LT expression .)
    PLUS            shift and go to state 77
    MINUS           shift and go to state 78
    STAR            shift and go to state 79
    SLASH           shift and go to state 80
    PERCENT         shift and go to state 81

  ! PLUS            [ reduce using rule 84 (expression -> expression LT expression .) ]
  ! MINUS           [ reduce using rule 84 (expression -> expression LT expression .) ]
  ! STAR            [ reduce using rule 84 (expression -> expression LT expression .) ]
  ! SLASH           [ reduce using rule 84 (expression -> expression LT expression .) ]
  ! PERCENT         [ reduce using rule 84 (expression -> expression LT expression .) ]
  ! DOTDOT          [ shift and go to state 76 ]
  ! EQEQ            [ shift and go to state 82 ]
  ! NE              [ shift and go to state 83 ]
  ! LT              [ shift and go to state 84 ]
  ! LE              [ shift and go to state 85 ]
  ! GT              [ shift and go to state 86 ]
  ! GE              [ shift and go to state 87 ]
  ! ANDAND          [ shift and go to state 88 ]
  ! OROR            [ shift and go to state 89 ]


state 121

    (85) expression -> expression LE expression .
    (76) expression -> expression . DOTDOT expression
    (77) expression -> expression . PLUS expression
    (78) expression -> expression . MINUS expression
    (79) expression -> expression . STAR expression
    (80) expression -> expression . SLASH expression
    (81) expression -> expression . PERCENT expression
    (82) expression -> expression . EQEQ expression
    (83) expression -> expression . NE expression
    (84) expression -> expression . LT expression
    (85) expression -> expression . LE expression
    (86) expression -> expression . GT expression
    (87) expression -> expression . GE expression
    (88) expression -> expression . ANDAND expression
    (89) expression -> expression . OROR expression

    DOTDOT          reduce using rule 85 (expression -> expression LE expression .)
    EQEQ            reduce using rule 85 (expression -> expression LE expression .)
    NE              reduce using rule 85 (expression -> expression LE expression .)
    LT              reduce using rule 85 (expression -> expression LE expression .)
    LE              reduce using rule 85 (expression -> expression LE expression .)
    GT              reduce using rule 85 (expression -> expression LE expression .)
    GE              reduce using rule 85 (expression -> expression LE expression .)
    ANDAND          reduce using rule 85 (expression -> expression LE expression .)
    OROR            reduce using rule 85 (expression -> expression LE expression .)
    SEMICOLON       reduce using rule 85 (expression -> expression LE expression .)
    RBRACKET        reduce using rule 85 (expression -> expression LE expression .)
    RPAREN          reduce using rule 85 (expression -> expression LE expression .)
    COMMA           reduce using rule 85 (expression -> expression LE expression .)
    RBRACE          reduce using rule 85 (expression -> expression LE expression .)
    PLUS            shift and go to state 77
    MINUS           shift and go to state 78
    STAR            shift and go to state 79
    SLASH           shift and go to state 80
    PERCENT         shift and go to state 81

  ! PLUS            [ reduce using rule 85 (expression -> expression LE expression .) ]
  ! MINUS           [ reduce using rule 85 (expression -> expression LE expression .) ]
  ! STAR            [ reduce using rule 85 (expression -> expression LE expression .) ]
  ! SLASH           [ reduce using rule 85 (expression -> expression LE expression .) ]
  ! PERCENT         [ reduce using rule 85 (expression -> expression LE expression .) ]
  ! DOTDOT          [ shift and go to state 76 ]
  ! EQEQ            [ shift and go to state 82 ]
  ! NE              [ shift and go to state 83 ]
  ! LT              [ shift and go to state 84 ]
  ! LE              [ shift and go to state 85 ]
  ! GT              [ shift and go to state 86 ]
  ! GE              [ shift and go to state 87 ]
  ! ANDAND          [ shift and go to state 88 ]
  ! OROR            [ shift and go to state 89 ]


state 122

    (86) expression -> expression GT expression .
    (76) expression -> expression . DOTDOT expression
    (77) expression -> expression . PLUS expression
    (78) expression -> expression . MINUS expression
    (79) expression -> expression . STAR expression
    (80) expression -> expression . SLASH expression
    (81) expression -> expression . PERCENT expression
    (82) expression -> expression . EQEQ expression
    (83) expression -> expression . NE expression
    (84) expression -> expression . LT expression
    (85) expression -> expression . LE expression
    (86) expression -> expression . GT expression
    (87) expression -> expression . GE expression
    (88) expression -> expression . ANDAND expression
    (89) expression -> expression . OROR expression

    DOTDOT          reduce using rule 86 (expression -> expression GT expression .)
    EQEQ            reduce using rule 86 (expression -> expression GT expression .)
    NE              reduce using rule 86 (expression -> expression GT expression .)
    LT              reduce using rule 86 (expression -> expression GT expression .)
    LE              reduce using rule 86 (expression -> expression GT expression .)
    GT              reduce using rule 86 (expression -> expression GT expression .)
    GE              reduce using rule 86 (expression -> expression GT expression .)
    ANDAND          reduce using rule 86 (expression -> expression GT expression .)
    OROR            reduce using rule 86 (expression -> expression GT expression .)
    SEMICOLON       reduce using rule 86 (expression -> expression GT expression .)
    RBRACKET        reduce using rule 86 (expression -> expression GT expression .)
    RPAREN          reduce using rule 86 (expression -> expression GT expression .)
    COMMA           reduce using rule 86 (expression -> expression GT expression .)
    RBRACE          reduce using rule 86 (expression -> expression GT expression .)
    PLUS            shift and go to state 77
    MINUS           shift and go to state 78
    STAR            shift and go to state 79
    SLASH           shift and go to state 80
    PERCENT         shift and go to state 81

  ! PLUS            [ reduce using rule 86 (expression -> expression GT expression .) ]
  ! MINUS           [ reduce using rule 86 (expression -> expression GT expression .) ]
  ! STAR            [ reduce using rule 86 (expression -> expression GT expression .) ]
  ! SLASH           [ reduce using rule 86 (expression -> expression GT expression .) ]
  ! PERCENT         [ reduce using rule 86 (expression -> expression GT expression .) ]
  ! DOTDOT          [ shift and go to state 76 ]
  ! EQEQ            [ shift and go to state 82 ]
  ! NE              [ shift and go to state 83 ]
  ! LT              [ shift and go to state 84 ]
  ! LE              [ shift and go to state 85 ]
  ! GT              [ shift and go to state 86 ]
  ! GE              [ shift and go to state 87 ]
  ! ANDAND          [ shift and go to state 88 ]
  ! OROR            [ shift and go to state 89 ]


state 123

    (87) expression -> expression GE expression .
    (76) expression -> expression . DOTDOT expression
    (77) expression -> expression . PLUS expression
    (78) expression -> expression . MINUS expression
    (79) expression -> expression . STAR expression
    (80) expression -> expression . SLASH expression
    (81) expression -> expression . PERCENT expression
    (82) expression -> expression . EQEQ expression
    (83) expression -> expression . NE expression
    (84) expression -> expression . LT expression
    (85) expression -> expression . LE expression
    (86) expression -> expression . GT expression
    (87) expression -> expression . GE expression
    (88) expression -> expression . ANDAND expression
    (89) expression -> expression . OROR expression

    DOTDOT          reduce using rule 87 (expression -> expression GE expression .)
    EQEQ            reduce using rule 87 (expression -> expression GE expression .)
    NE              reduce using rule 87 (expression -> expression GE expression .)
    LT              reduce using rule 87 (expression -> expression GE expression .)
    LE              reduce using rule 87 (expression -> expression GE expression .)
    GT              reduce using rule 87 (expression -> expression GE expression .)
    GE              reduce using rule 87 (expression -> expression GE expression .)
    ANDAND          reduce using rule 87 (expression -> expression GE expression .)
    OROR            reduce using rule 87 (expression -> expression GE expression .)
    SEMICOLON       reduce using rule 87 (expression -> expression GE expression .)
    RBRACKET        reduce using rule 87 (expression -> expression GE expression .)
    RPAREN          reduce using rule 87 (expression -> expression GE expression .)
    COMMA           reduce using rule 87 (expression -> expression GE expression .)
    RBRACE          reduce using rule 87 (expression -> expression GE expression .)
    PLUS            shift and go to state 77
    MINUS           shift and go to state 78
    STAR            shift and go to state 79
    SLASH           shift and go to state 80
    PERCENT         shift and go to state 81

  ! PLUS            [ reduce using rule 87 (expression -> expression GE expression .) ]
  ! MINUS           [ reduce using rule 87 (expression -> expression GE expression .) ]
  ! STAR            [ reduce using rule 87 (expression -> expression GE expression .) ]
  ! SLASH           [ reduce using rule 87 (expression -> expression GE expression .) ]
  ! PERCENT         [ reduce using rule 87 (expression -> expression GE expression .) ]
  ! DOTDOT          [ shift and go to state 76 ]
  ! EQEQ            [ shift and go to state 82 ]
  ! NE              [ shift and go to state 83 ]
  ! LT              [ shift and go to state 84 ]
  ! LE              [ shift and go to state 85 ]
  ! GT              [ shift and go to state 86 ]
  ! GE              [ shift and go to state 87 ]
  ! ANDAND          [ shift and go to state 88 ]
  ! OROR            [ shift and go to state 89 ]


state 124

    (88) expression -> expression ANDAND expression .
    (76) expression -> expression . DOTDOT expression
    (77) expression -> expression . PLUS expression
    (78) expression -> expression . MINUS expression
    (79) expression -> expression . STAR expression
    (80) expression -> expression . SLASH expression
    (81) expression -> expression . PERCENT expression
    (82) expression -> expression . EQEQ expression
    (83) expression -> expression . NE expression
    (84) expression -> expression . LT expression
    (85) expression -> expression . LE expression
    (86) expression -> expression . GT expression
    (87) expression -> expression . GE expression
    (88) expression -> expression . ANDAND expression
    (89) expression -> expression . OROR expression

    DOTDOT          reduce using rule 88 (expression -> expression ANDAND expression .)
    ANDAND          reduce using rule 88 (expression -> expression ANDAND expression .)
    OROR            reduce using rule 88 (expression -> expression ANDAND expression .)
    SEMICOLON       reduce using rule 88 (expression -> expression ANDAND expression .)
    RBRACKET        reduce using rule 88 (expression -> expression ANDAND expression .)
    RPAREN          reduce using rule 88 (expression -> expression ANDAND expression .)
    COMMA           reduce using rule 88 (expression -> expression ANDAND expression .)
    RBRACE          reduce using rule 88 (expression -> expression ANDAND expression .)
    PLUS            shift and go to state 77
    MINUS           shift and go to state 78
    STAR            shift and go to state 79
    SLASH           shift and go to state 80
    PERCENT         shift and go to state 81
    EQEQ            shift and go to state 82
    NE              shift and go to state 83
    LT              shift and go to state 84
    LE              shift and go to state 85
    GT              shift and go to state 86
    GE              shift and go to state 87

  ! PLUS            [ reduce using rule 88 (expression -> expression ANDAND expression .) ]
  ! MINUS           [ reduce using rule 88 (expression -> expression ANDAND expression .) ]
  ! STAR            [ reduce using rule 88 (expression -> expression ANDAND expression .) ]
  ! SLASH           [ reduce using rule 88 (expression -> expression ANDAND expression .) ]
  ! PERCENT         [ reduce using rule 88 (expression -> expression ANDAND expression .) ]
  ! EQEQ            [ reduce using rule 88 (expression -> expression ANDAND expression .) ]
  ! NE              [ reduce using rule 88 (expression -> expression ANDAND expression .) ]
  ! LT              [ reduce using rule 88 (expression -> expression ANDAND expression .) ]
  ! LE              [ reduce using rule 88 (expression -> expression ANDAND expression .) ]
  ! GT              [ reduce using rule 88 (expression -> expression ANDAND expression .) ]
  ! GE              [ reduce using rule 88 (expression -> expression ANDAND expression .) ]
  ! DOTDOT          [ shift and go to state 76 ]
  ! ANDAND          [ shift and go to state 88 ]
  ! OROR            [ shift and go to state 89 ]


state 125

    (89) expression -> expression OROR expression .
    (76) expression -> expression . DOTDOT expression
    (77) expression -> expression . PLUS expression
    (78) expression -> expression . MINUS expression
    (79) expression -> expression . STAR expression
    (80) expression -> expression . SLASH expression
    (81) expression -> expression . PERCENT expression
    (82) expression -> expression . EQEQ expression
    (83) expression -> expression . NE expression
    (84) expression -> expression . LT expression
    (85) expression -> expression . LE expression
    (86) expression -> expression . GT expression
    (87) expression -> expression . GE expression
    (88) expression -> expression . ANDAND expression
    (89) expression -> expression . OROR expression

    DOTDOT          reduce using rule 89 (expression -> expression OROR expression .)
    OROR            reduce using rule 89 (expression -> expression OROR expression .)
    SEMICOLON       reduce using rule 89 (expression -> expression OROR expression .)
    RBRACKET        reduce using rule 89 (expression -> expression OROR expression .)
    RPAREN          reduce using rule 89 (expression -> expression OROR expression .)
    COMMA           reduce using rule 89 (expression -> expression OROR expression .)
    RBRACE          reduce using rule 89 (expression -> expression OROR expression .)
    PLUS            shift and go to state 77
    MINUS           shift and go to state 78
    STAR            shift and go to state 79
    SLASH           shift and go to state 80
    PERCENT         shift and go to state 81
    EQEQ            shift and go to state 82
    NE              shift and go to state 83
    LT              shift and go to state 84
    LE              shift and go to state 85
    GT              shift and go to state 86
    GE              shift and go to state 87
    ANDAND          shift and go to state 88

  ! PLUS            [ reduce using rule 89 (expression -> expression OROR expression .) ]
  ! MINUS           [ reduce using rule 89 (expression -> expression OROR expression .) ]
  ! STAR            [ reduce using rule 89 (expression -> expression OROR expression .) ]
  ! SLASH           [ reduce using rule 89 (expression -> expression OROR expression .) ]
  ! PERCENT         [ reduce using rule 89 (expression -> expression OROR expression .) ]
  ! EQEQ            [ reduce using rule 89 (expression -> expression OROR expression .) ]
  ! NE              [ reduce using rule 89 (expression -> expression OROR expression .) ]
  ! LT              [ reduce using rule 89 (expression -> expression OROR expression .) ]
  ! LE              [ reduce using rule 89 (expression -> expression OROR expression .) ]
  ! GT              [ reduce using rule 89 (expression -> expression OROR expression .) ]
  ! GE              [ reduce using rule 89 (expression -> expression OROR expression .) ]
  ! ANDAND          [ reduce using rule 89 (expression -> expression OROR expression .) ]
  ! DOTDOT          [ shift and go to state 76 ]
  ! OROR            [ shift and go to state 89 ]


state 126

    (96) postfix_expr -> postfix_expr LPAREN args_opt . RPAREN

    RPAREN          shift and go to state 142


state 127

    (100) args_opt -> args .
    (102) args -> args . COMMA expression

    RPAREN          reduce using rule 100 (args_opt -> args .)
    RBRACE          reduce using rule 100 (args_opt -> args .)
    COMMA           shift and go to state 143


state 128

    (101) args_opt -> empty .

    RPAREN          reduce using rule 101 (args_opt -> empty .)
    RBRACE          reduce using rule 101 (args_opt -> empty .)


state 129

    (103) args -> expression .
    (76) expression -> expression . DOTDOT expression
    (77) expression -> expression . PLUS expression
    (78) expression -> expression . MINUS expression
    (79) expression -> expression . STAR expression
    (80) expression -> expression . SLASH expression
    (81) expression -> expression . PERCENT expression
    (82) expression -> expression . EQEQ expression
    (83) expression -> expression . NE expression
    (84) expression -> expression . LT expression
    (85) expression -> expression . LE expression
    (86) expression -> expression . GT expression
    (87) expression -> expression . GE expression
    (88) expression -> expression . ANDAND expression
    (89) expression -> expression . OROR expression

    COMMA           reduce using rule 103 (args -> expression .)
    RPAREN          reduce using rule 103 (args -> expression .)
    RBRACE          reduce using rule 103 (args -> expression .)
    DOTDOT          shift and go to state 76
    PLUS            shift and go to state 77
    MINUS           shift and go to state 78
    STAR            shift and go to state 79
    SLASH           shift and go to state 80
    PERCENT         shift and go to state 81
    EQEQ            shift and go to state 82
    NE              shift and go to state 83
    LT              shift and go to state 84
    LE              shift and go to state 85
    GT              shift and go to state 86
    GE              shift and go to state 87
    ANDAND          shift and go to state 88
    OROR            shift and go to state 89


state 130

    (97) postfix_expr -> postfix_expr DOT IDENT .

    LPAREN          reduce using rule 97 (postfix_expr -> postfix_expr DOT IDENT .)
    DOT             reduce using rule 97 (postfix_expr -> postfix_expr DOT IDENT .)
    LBRACKET        reduce using rule 97 (postfix_expr -> postfix_expr DOT IDENT .)
    DOTDOT          reduce using rule 97 (postfix_expr -> postfix_expr DOT IDENT .)
    PLUS            reduce using rule 97 (postfix_expr -> postfix_expr DOT IDENT .)
    MINUS           reduce using rule 97 (postfix_expr -> postfix_expr DOT IDENT .)
    STAR            reduce using rule 97 (postfix_expr -> postfix_expr DOT IDENT .)
    SLASH           reduce using rule 97 (postfix_expr -> postfix_expr DOT IDENT .)
    PERCENT         reduce using rule 97 (postfix_expr -> postfix_expr DOT IDENT .)
    EQEQ            reduce using rule 97 (postfix_expr -> postfix_expr DOT IDENT .)
    NE              reduce using rule 97 (postfix_expr -> postfix_expr DOT IDENT .)
    LT              reduce using rule 97 (postfix_expr -> postfix_expr DOT IDENT .)
    LE              reduce using rule 97 (postfix_expr -> postfix_expr DOT IDENT .)
    GT              reduce using rule 97 (postfix_expr -> postfix_expr DOT IDENT .)
    GE              reduce using rule 97 (postfix_expr -> postfix_expr DOT IDENT .)
    ANDAND          reduce using rule 97 (postfix_expr -> postfix_expr DOT IDENT .)
    OROR            reduce using rule 97 (postfix_expr -> postfix_expr DOT IDENT .)
    SEMICOLON       reduce using rule 97 (postfix_expr -> postfix_expr DOT IDENT .)
    RBRACKET        reduce using rule 97 (postfix_expr -> postfix_expr DOT IDENT .)
    RPAREN          reduce using rule 97 (postfix_expr -> postfix_expr DOT IDENT .)
    COMMA           reduce using rule 97 (postfix_expr -> postfix_expr DOT IDENT .)
    RBRACE          reduce using rule 97 (postfix_expr -> postfix_expr DOT IDENT .)
    EQ              reduce using rule 97 (postfix_expr -> postfix_expr DOT IDENT .)
    PLUS_EQ         reduce using rule 97 (postfix_expr -> postfix_expr DOT IDENT .)
    MINUS_EQ        reduce using rule 97 (postfix_expr -> postfix_expr DOT IDENT .)
    STAR_EQ         reduce using rule 97 (postfix_expr -> postfix_expr DOT IDENT .)
    SLASH_EQ        reduce using rule 97 (postfix_expr -> postfix_expr DOT IDENT .)
    PERCENT_EQ      reduce using rule 97 (postfix_expr -> postfix_expr DOT IDENT .)


state 131

    (99) postfix_expr -> postfix_expr DOT STAR .

    LPAREN          reduce using rule 99 (postfix_expr -> postfix_expr DOT STAR .)
    DOT             reduce using rule 99 (postfix_expr -> postfix_expr DOT STAR .)
    LBRACKET        reduce using rule 99 (postfix_expr -> postfix_expr DOT STAR .)
    DOTDOT          reduce using rule 99 (postfix_expr -> postfix_expr DOT STAR .)
    PLUS            reduce using rule 99 (postfix_expr -> postfix_expr DOT STAR .)
    MINUS           reduce using rule 99 (postfix_expr -> postfix_expr DOT STAR .)
    STAR            reduce using rule 99 (postfix_expr -> postfix_expr DOT STAR .)
    SLASH           reduce using rule 99 (postfix_expr -> postfix_expr DOT STAR .)
    PERCENT         reduce using rule 99 (postfix_expr -> postfix_expr DOT STAR .)
    EQEQ            reduce using rule 99 (postfix_expr -> postfix_expr DOT STAR .)
    NE              reduce using rule 99 (postfix_expr -> postfix_expr DOT STAR .)
    LT              reduce using rule 99 (postfix_expr -> postfix_expr DOT STAR .)
    LE              reduce using rule 99 (postfix_expr -> postfix_expr DOT STAR .)
    GT              reduce using rule 99 (postfix_expr -> postfix_expr DOT STAR .)
    GE              reduce using rule 99 (postfix_expr -> postfix_expr DOT STAR .)
    ANDAND          reduce using rule 99 (postfix_expr -> postfix_expr DOT STAR .)
    OROR            reduce using rule 99 (postfix_expr -> postfix_expr DOT STAR .)
    SEMICOLON       reduce using rule 99 (postfix_expr -> postfix_expr DOT STAR .)
    RBRACKET        reduce using rule 99 (postfix_expr -> postfix_expr DOT STAR .)
    RPAREN          reduce using rule 99 (postfix_expr -> postfix_expr DOT STAR .)
    COMMA           reduce using rule 99 (postfix_expr -> postfix_expr DOT STAR .)
    RBRACE          reduce using rule 99 (postfix_expr -> postfix_expr DOT STAR .)
    EQ              reduce using rule 99 (postfix_expr -> postfix_expr DOT STAR .)
    PLUS_EQ         reduce using rule 99 (postfix_expr -> postfix_expr DOT STAR .)
    MINUS_EQ        reduce using rule 99 (postfix_expr -> postfix_expr DOT STAR .)
    STAR_EQ         reduce using rule 99 (postfix_expr -> postfix_expr DOT STAR .)
    SLASH_EQ        reduce using rule 99 (postfix_expr -> postfix_expr DOT STAR .)
    PERCENT_EQ      reduce using rule 99 (postfix_expr -> postfix_expr DOT STAR .)


state 132

    (98) postfix_expr -> postfix_expr LBRACKET expression . RBRACKET
    (76) expression -> expression . DOTDOT expression
    (77) expression -> expression . PLUS expression
    (78) expression -> expression . MINUS expression
    (79) expression -> expression . STAR expression
    (80) expression -> expression . SLASH expression
    (81) expression -> expression . PERCENT expression
    (82) expression -> expression . EQEQ expression
    (83) expression -> expression . NE expression
    (84) expression -> expression . LT expression
    (85) expression -> expression . LE expression
    (86) expression -> expression . GT expression
    (87) expression -> expression . GE expression
    (88) expression -> expression . ANDAND expression
    (89) expression -> expression . OROR expression

    RBRACKET        shift and go to state 144
    DOTDOT          shift and go to state 76
    PLUS            shift and go to state 77
    MINUS           shift and go to state 78
    STAR            shift and go to state 79
    SLASH           shift and go to state 80
    PERCENT         shift and go to state 81
    EQEQ            shift and go to state 82
    NE              shift and go to state 83
    LT              shift and go to state 84
    LE              shift and go to state 85
    GT              shift and go to state 86
    GE              shift and go to state 87
    ANDAND          shift and go to state 88
    OROR            shift and go to state 89


state 133

    (115) primary -> LPAREN expression RPAREN .

    LPAREN          reduce using rule 115 (primary -> LPAREN expression RPAREN .)
    DOT             reduce using rule 115 (primary -> LPAREN expression RPAREN .)
    LBRACKET        reduce using rule 115 (primary -> LPAREN expression RPAREN .)
    DOTDOT          reduce using rule 115 (primary -> LPAREN expression RPAREN .)
    PLUS            reduce using rule 115 (primary -> LPAREN expression RPAREN .)
    MINUS           reduce using rule 115 (primary -> LPAREN expression RPAREN .)
    STAR            reduce using rule 115 (primary -> LPAREN expression RPAREN .)
    SLASH           reduce using rule 115 (primary -> LPAREN expression RPAREN .)
    PERCENT         reduce using rule 115 (primary -> LPAREN expression RPAREN .)
    EQEQ            reduce using rule 115 (primary -> LPAREN expression RPAREN .)
    NE              reduce using rule 115 (primary -> LPAREN expression RPAREN .)
    LT              reduce using rule 115 (primary -> LPAREN expression RPAREN .)
    LE              reduce using rule 115 (primary -> LPAREN expression RPAREN .)
    GT              reduce using rule 115 (primary -> LPAREN expression RPAREN .)
    GE              reduce using rule 115 (primary -> LPAREN expression RPAREN .)
    ANDAND          reduce using rule 115 (primary -> LPAREN expression RPAREN .)
    OROR            reduce using rule 115 (primary -> LPAREN expression RPAREN .)
    SEMICOLON       reduce using rule 115 (primary -> LPAREN expression RPAREN .)
    RBRACKET        reduce using rule 115 (primary -> LPAREN expression RPAREN .)
    RPAREN          reduce using rule 115 (primary -> LPAREN expression RPAREN .)
    COMMA           reduce using rule 115 (primary -> LPAREN expression RPAREN .)
    RBRACE          reduce using rule 115 (primary -> LPAREN expression RPAREN .)
    EQ              reduce using rule 115 (primary -> LPAREN expression RPAREN .)
    PLUS_EQ         reduce using rule 115 (primary -> LPAREN expression RPAREN .)
    MINUS_EQ        reduce using rule 115 (primary -> LPAREN expression RPAREN .)
    STAR_EQ         reduce using rule 115 (primary -> LPAREN expression RPAREN .)
    SLASH_EQ        reduce using rule 115 (primary -> LPAREN expression RPAREN .)
    PERCENT_EQ      reduce using rule 115 (primary -> LPAREN expression RPAREN .)


state 134

    (105) primary -> DOT LBRACE args_opt . RBRACE

    RBRACE          shift and go to state 145


state 135

    (104) primary -> STRUCT LBRACE struct_fields_opt . RBRACE

    RBRACE          shift and go to state 146


state 136

    (35) type_expr -> STRUCT LBRACE struct_fields_opt RBRACE .

    EQ              reduce using rule 35 (type_expr -> STRUCT LBRACE struct_fields_opt RBRACE .)
    SEMICOLON       reduce using rule 35 (type_expr -> STRUCT LBRACE struct_fields_opt RBRACE .)
    COMMA           reduce using rule 35 (type_expr -> STRUCT LBRACE struct_fields_opt RBRACE .)
    RPAREN          reduce using rule 35 (type_expr -> STRUCT LBRACE struct_fields_opt RBRACE .)
    LBRACE          reduce using rule 35 (type_expr -> STRUCT LBRACE struct_fields_opt RBRACE .)
    IDENT           reduce using rule 35 (type_expr -> STRUCT LBRACE struct_fields_opt RBRACE .)
    RBRACE          reduce using rule 35 (type_expr -> STRUCT LBRACE struct_fields_opt RBRACE .)


state 137

    (38) struct_fields -> struct_fields struct_field .

    IDENT           reduce using rule 38 (struct_fields -> struct_fields struct_field .)
    RBRACE          reduce using rule 38 (struct_fields -> struct_fields struct_field .)


state 138

    (40) struct_field -> IDENT COLON . type_expr COMMA
    (41) struct_field -> IDENT COLON . type_expr
    (22) type_expr -> . IDENT
    (23) type_expr -> . TYPE_VOID
    (24) type_expr -> . TYPE_BOOL
    (25) type_expr -> . TYPE_USIZE
    (26) type_expr -> . TYPE_ISIZE
    (27) type_expr -> . TYPE_U8
    (28) type_expr -> . TYPE_U16
    (29) type_expr -> . TYPE_U32
    (30) type_expr -> . TYPE_U64
    (31) type_expr -> . TYPE_I8
    (32) type_expr -> . TYPE_I16
    (33) type_expr -> . TYPE_I32
    (34) type_expr -> . TYPE_I64
    (35) type_expr -> . STRUCT LBRACE struct_fields_opt RBRACE
    (42) type_expr -> . QUESTION type_expr
    (43) type_expr -> . STAR type_expr
    (44) type_expr -> . LBRACKET RBRACKET type_expr
    (45) type_expr -> . LBRACKET expression RBRACKET type_expr

    IDENT           shift and go to state 25
    TYPE_VOID       shift and go to state 26
    TYPE_BOOL       shift and go to state 27
    TYPE_USIZE      shift and go to state 28
    TYPE_ISIZE      shift and go to state 29
    TYPE_U8         shift and go to state 30
    TYPE_U16        shift and go to state 31
    TYPE_U32        shift and go to state 32
    TYPE_U64        shift and go to state 33
    TYPE_I8         shift and go to state 34
    TYPE_I16        shift and go to state 35
    TYPE_I32        shift and go to state 36
    TYPE_I64        shift and go to state 37
    STRUCT          shift and go to state 38
    QUESTION        shift and go to state 39
    STAR            shift and go to state 40
    LBRACKET        shift and go to state 41

    type_expr                      shift and go to state 147

state 139

    (45) type_expr -> LBRACKET expression RBRACKET type_expr .

    EQ              reduce using rule 45 (type_expr -> LBRACKET expression RBRACKET type_expr .)
    SEMICOLON       reduce using rule 45 (type_expr -> LBRACKET expression RBRACKET type_expr .)
    COMMA           reduce using rule 45 (type_expr -> LBRACKET expression RBRACKET type_expr .)
    RPAREN          reduce using rule 45 (type_expr -> LBRACKET expression RBRACKET type_expr .)
    LBRACE          reduce using rule 45 (type_expr -> LBRACKET expression RBRACKET type_expr .)
    IDENT           reduce using rule 45 (type_expr -> LBRACKET expression RBRACKET type_expr .)
    RBRACE          reduce using rule 45 (type_expr -> LBRACKET expression RBRACKET type_expr .)


state 140

    (14) fn_decl -> FN IDENT LPAREN params_opt RPAREN return_type_opt block .

    CONST           reduce using rule 14 (fn_decl -> FN IDENT LPAREN params_opt RPAREN return_type_opt block .)
    VAR             reduce using rule 14 (fn_decl -> FN IDENT LPAREN params_opt RPAREN return_type_opt block .)
    FN              reduce using rule 14 (fn_decl -> FN IDENT LPAREN params_opt RPAREN return_type_opt block .)
    $end            reduce using rule 14 (fn_decl -> FN IDENT LPAREN params_opt RPAREN return_type_opt block .)


state 141

    (46) block -> LBRACE . statements_opt RBRACE
    (47) statements_opt -> . statements
    (48) statements_opt -> . empty
    (49) statements -> . statements statement
    (50) statements -> . statement
    (116) empty -> .
    (51) statement -> . var_decl SEMICOLON
    (52) statement -> . return_stmt SEMICOLON
    (53) statement -> . break_stmt SEMICOLON
    (54) statement -> . continue_stmt SEMICOLON
    (55) statement -> . assignment SEMICOLON
    (56) statement -> . expr_stmt SEMICOLON
    (57) statement -> . if_stmt
    (58) statement -> . while_stmt
    (59) statement -> . for_stmt
    (8) var_decl -> . CONST IDENT type_annotation_opt EQ expression
    (9) var_decl -> . VAR IDENT type_annotation_opt EQ expression
    (10) var_decl -> . VAR IDENT type_annotation
    (60) return_stmt -> . RETURN expression
    (61) return_stmt -> . RETURN
    (62) break_stmt -> . BREAK
    (63) continue_stmt -> . CONTINUE
    (69) assignment -> . postfix_expr EQ expression
    (70) assignment -> . postfix_expr PLUS_EQ expression
    (71) assignment -> . postfix_expr MINUS_EQ expression
    (72) assignment -> . postfix_expr STAR_EQ expression
    (73) assignment -> . postfix_expr SLASH_EQ expression
    (74) assignment -> . postfix_expr PERCENT_EQ expression
    (75) expr_stmt -> . expression
    (64) if_stmt -> . IF LPAREN expression RPAREN block else_opt
    (67) while_stmt -> . WHILE LPAREN expression RPAREN block
    (68) for_stmt -> . FOR LPAREN expression RPAREN PIPE IDENT PIPE block
    (95) postfix_expr -> . primary
    (96) postfix_expr -> . postfix_expr LPAREN args_opt RPAREN
    (97) postfix_expr -> . postfix_expr DOT IDENT
    (98) postfix_expr -> . postfix_expr LBRACKET expression RBRACKET
    (99) postfix_expr -> . postfix_expr DOT STAR
    (76) expression -> . expression DOTDOT expression
    (77) expression -> . expression PLUS expression
    (78) expression -> . expression MINUS expression
    (79) expression -> . expression STAR expression
    (80) expression -> . expression SLASH expression
    (81) expression -> . expression PERCENT expression
    (82) expression -> . expression EQEQ expression
    (83) expression -> . expression NE expression
    (84) expression -> . expression LT expression
    (85) expression -> . expression LE expression
    (86) expression -> . expression GT expression
    (87) expression -> . expression GE expression
    (88) expression -> . expression ANDAND expression
    (89) expression -> . expression OROR expression
    (90) expression -> . MINUS expression
    (91) expression -> . BANG expression
    (92) expression -> . AMP expression
    (93) expression -> . QUESTION expression
    (94) expression -> . postfix_expr
    (104) primary -> . STRUCT LBRACE struct_fields_opt RBRACE
    (105) primary -> . DOT LBRACE args_opt RBRACE
    (106) primary -> . INT
    (107) primary -> . STRING
    (108) primary -> . CHAR
    (109) primary -> . TRUE
    (110) primary -> . FALSE
    (111) primary -> . NULL
    (112) primary -> . UNDEFINED
    (113) primary -> . IDENT
    (114) primary -> . BUILTIN_IDENT
    (115) primary -> . LPAREN expression RPAREN

    RBRACE          reduce using rule 116 (empty -> .)
    CONST           shift and go to state 8
    VAR             shift and go to state 9
    RETURN          shift and go to state 162
    BREAK           shift and go to state 163
    CONTINUE        shift and go to state 164
    IF              shift and go to state 166
    WHILE           shift and go to state 167
    FOR             shift and go to state 168
    MINUS           shift and go to state 50
    BANG            shift and go to state 51
    AMP             shift and go to state 52
    QUESTION        shift and go to state 53
    STRUCT          shift and go to state 58
    DOT             shift and go to state 57
    INT             shift and go to state 59
    STRING          shift and go to state 60
    CHAR            shift and go to state 61
    TRUE            shift and go to state 62
    FALSE           shift and go to state 63
    NULL            shift and go to state 64
    UNDEFINED       shift and go to state 65
    IDENT           shift and go to state 48
    BUILTIN_IDENT   shift and go to state 66
    LPAREN          shift and go to state 56

    statements_opt                 shift and go to state 148
    statements                     shift and go to state 149
    empty                          shift and go to state 150
    statement                      shift and go to state 151
    var_decl                       shift and go to state 152
    return_stmt                    shift and go to state 153
    break_stmt                     shift and go to state 154
    continue_stmt                  shift and go to state 155
    assignment                     shift and go to state 156
    expr_stmt                      shift and go to state 157
    if_stmt                        shift and go to state 158
    while_stmt                     shift and go to state 159
    for_stmt                       shift and go to state 160
    expression                     shift and go to state 161
    postfix_expr                   shift and go to state 165
    primary                        shift and go to state 55

state 142

    (96) postfix_expr -> postfix_expr LPAREN args_opt RPAREN .

    LPAREN          reduce using rule 96 (postfix_expr -> postfix_expr LPAREN args_opt RPAREN .)
    DOT             reduce using rule 96 (postfix_expr -> postfix_expr LPAREN args_opt RPAREN .)
    LBRACKET        reduce using rule 96 (postfix_expr -> postfix_expr LPAREN args_opt RPAREN .)
    DOTDOT          reduce using rule 96 (postfix_expr -> postfix_expr LPAREN args_opt RPAREN .)
    PLUS            reduce using rule 96 (postfix_expr -> postfix_expr LPAREN args_opt RPAREN .)
    MINUS           reduce using rule 96 (postfix_expr -> postfix_expr LPAREN args_opt RPAREN .)
    STAR            reduce using rule 96 (postfix_expr -> postfix_expr LPAREN args_opt RPAREN .)
    SLASH           reduce using rule 96 (postfix_expr -> postfix_expr LPAREN args_opt RPAREN .)
    PERCENT         reduce using rule 96 (postfix_expr -> postfix_expr LPAREN args_opt RPAREN .)
    EQEQ            reduce using rule 96 (postfix_expr -> postfix_expr LPAREN args_opt RPAREN .)
    NE              reduce using rule 96 (postfix_expr -> postfix_expr LPAREN args_opt RPAREN .)
    LT              reduce using rule 96 (postfix_expr -> postfix_expr LPAREN args_opt RPAREN .)
    LE              reduce using rule 96 (postfix_expr -> postfix_expr LPAREN args_opt RPAREN .)
    GT              reduce using rule 96 (postfix_expr -> postfix_expr LPAREN args_opt RPAREN .)
    GE              reduce using rule 96 (postfix_expr -> postfix_expr LPAREN args_opt RPAREN .)
    ANDAND          reduce using rule 96 (postfix_expr -> postfix_expr LPAREN args_opt RPAREN .)
    OROR            reduce using rule 96 (postfix_expr -> postfix_expr LPAREN args_opt RPAREN .)
    SEMICOLON       reduce using rule 96 (postfix_expr -> postfix_expr LPAREN args_opt RPAREN .)
    RBRACKET        reduce using rule 96 (postfix_expr -> postfix_expr LPAREN args_opt RPAREN .)
    RPAREN          reduce using rule 96 (postfix_expr -> postfix_expr LPAREN args_opt RPAREN .)
    COMMA           reduce using rule 96 (postfix_expr -> postfix_expr LPAREN args_opt RPAREN .)
    RBRACE          reduce using rule 96 (postfix_expr -> postfix_expr LPAREN args_opt RPAREN .)
    EQ              reduce using rule 96 (postfix_expr -> postfix_expr LPAREN args_opt RPAREN .)
    PLUS_EQ         reduce using rule 96 (postfix_expr -> postfix_expr LPAREN args_opt RPAREN .)
    MINUS_EQ        reduce using rule 96 (postfix_expr -> postfix_expr LPAREN args_opt RPAREN .)
    STAR_EQ         reduce using rule 96 (postfix_expr -> postfix_expr LPAREN args_opt RPAREN .)
    SLASH_EQ        reduce using rule 96 (postfix_expr -> postfix_expr LPAREN args_opt RPAREN .)
    PERCENT_EQ      reduce using rule 96 (postfix_expr -> postfix_expr LPAREN args_opt RPAREN .)


state 143

    (102) args -> args COMMA . expression
    (76) expression -> . expression DOTDOT expression
    (77) expression -> . expression PLUS expression
    (78) expression -> . expression MINUS expression
    (79) expression -> . expression STAR expression
    (80) expression -> . expression SLASH expression
    (81) expression -> . expression PERCENT expression
    (82) expression -> . expression EQEQ expression
    (83) expression -> . expression NE expression
    (84) expression -> . expression LT expression
    (85) expression -> . expression LE expression
    (86) expression -> . expression GT expression
    (87) expression -> . expression GE expression
    (88) expression -> . expression ANDAND expression
    (89) expression -> . expression OROR expression
    (90) expression -> . MINUS expression
    (91) expression -> . BANG expression
    (92) expression -> . AMP expression
    (93) expression -> . QUESTION expression
    (94) expression -> . postfix_expr
    (95) postfix_expr -> . primary
    (96) postfix_expr -> . postfix_expr LPAREN args_opt RPAREN
    (97) postfix_expr -> . postfix_expr DOT IDENT
    (98) postfix_expr -> . postfix_expr LBRACKET expression RBRACKET
    (99) postfix_expr -> . postfix_expr DOT STAR
    (104) primary -> . STRUCT LBRACE struct_fields_opt RBRACE
    (105) primary -> . DOT LBRACE args_opt RBRACE
    (106) primary -> . INT
    (107) primary -> . STRING
    (108) primary -> . CHAR
    (109) primary -> . TRUE
    (110) primary -> . FALSE
    (111) primary -> . NULL
    (112) primary -> . UNDEFINED
    (113) primary -> . IDENT
    (114) primary -> . BUILTIN_IDENT
    (115) primary -> . LPAREN expression RPAREN

    MINUS           shift and go to state 50
    BANG            shift and go to state 51
    AMP             shift and go to state 52
    QUESTION        shift and go to state 53
    STRUCT          shift and go to state 58
    DOT             shift and go to state 57
    INT             shift and go to state 59
    STRING          shift and go to state 60
    CHAR            shift and go to state 61
    TRUE            shift and go to state 62
    FALSE           shift and go to state 63
    NULL            shift and go to state 64
    UNDEFINED       shift and go to state 65
    IDENT           shift and go to state 48
    BUILTIN_IDENT   shift and go to state 66
    LPAREN          shift and go to state 56

    expression                     shift and go to state 169
    postfix_expr                   shift and go to state 54
    primary                        shift and go to state 55

state 144

    (98) postfix_expr -> postfix_expr LBRACKET expression RBRACKET .

    LPAREN          reduce using rule 98 (postfix_expr -> postfix_expr LBRACKET expression RBRACKET .)
    DOT             reduce using rule 98 (postfix_expr -> postfix_expr LBRACKET expression RBRACKET .)
    LBRACKET        reduce using rule 98 (postfix_expr -> postfix_expr LBRACKET expression RBRACKET .)
    DOTDOT          reduce using rule 98 (postfix_expr -> postfix_expr LBRACKET expression RBRACKET .)
    PLUS            reduce using rule 98 (postfix_expr -> postfix_expr LBRACKET expression RBRACKET .)
    MINUS           reduce using rule 98 (postfix_expr -> postfix_expr LBRACKET expression RBRACKET .)
    STAR            reduce using rule 98 (postfix_expr -> postfix_expr LBRACKET expression RBRACKET .)
    SLASH           reduce using rule 98 (postfix_expr -> postfix_expr LBRACKET expression RBRACKET .)
    PERCENT         reduce using rule 98 (postfix_expr -> postfix_expr LBRACKET expression RBRACKET .)
    EQEQ            reduce using rule 98 (postfix_expr -> postfix_expr LBRACKET expression RBRACKET .)
    NE              reduce using rule 98 (postfix_expr -> postfix_expr LBRACKET expression RBRACKET .)
    LT              reduce using rule 98 (postfix_expr -> postfix_expr LBRACKET expression RBRACKET .)
    LE              reduce using rule 98 (postfix_expr -> postfix_expr LBRACKET expression RBRACKET .)
    GT              reduce using rule 98 (postfix_expr -> postfix_expr LBRACKET expression RBRACKET .)
    GE              reduce using rule 98 (postfix_expr -> postfix_expr LBRACKET expression RBRACKET .)
    ANDAND          reduce using rule 98 (postfix_expr -> postfix_expr LBRACKET expression RBRACKET .)
    OROR            reduce using rule 98 (postfix_expr -> postfix_expr LBRACKET expression RBRACKET .)
    SEMICOLON       reduce using rule 98 (postfix_expr -> postfix_expr LBRACKET expression RBRACKET .)
    RBRACKET        reduce using rule 98 (postfix_expr -> postfix_expr LBRACKET expression RBRACKET .)
    RPAREN          reduce using rule 98 (postfix_expr -> postfix_expr LBRACKET expression RBRACKET .)
    COMMA           reduce using rule 98 (postfix_expr -> postfix_expr LBRACKET expression RBRACKET .)
    RBRACE          reduce using rule 98 (postfix_expr -> postfix_expr LBRACKET expression RBRACKET .)
    EQ              reduce using rule 98 (postfix_expr -> postfix_expr LBRACKET expression RBRACKET .)
    PLUS_EQ         reduce using rule 98 (postfix_expr -> postfix_expr LBRACKET expression RBRACKET .)
    MINUS_EQ        reduce using rule 98 (postfix_expr -> postfix_expr LBRACKET expression RBRACKET .)
    STAR_EQ         reduce using rule 98 (postfix_expr -> postfix_expr LBRACKET expression RBRACKET .)
    SLASH_EQ        reduce using rule 98 (postfix_expr -> postfix_expr LBRACKET expression RBRACKET .)
    PERCENT_EQ      reduce using rule 98 (postfix_expr -> postfix_expr LBRACKET expression RBRACKET .)


state 145

    (105) primary -> DOT LBRACE args_opt RBRACE .

    LPAREN          reduce using rule 105 (primary -> DOT LBRACE args_opt RBRACE .)
    DOT             reduce using rule 105 (primary -> DOT LBRACE args_opt RBRACE .)
    LBRACKET        reduce using rule 105 (primary -> DOT LBRACE args_opt RBRACE .)
    DOTDOT          reduce using rule 105 (primary -> DOT LBRACE args_opt RBRACE .)
    PLUS            reduce using rule 105 (primary -> DOT LBRACE args_opt RBRACE .)
    MINUS           reduce using rule 105 (primary -> DOT LBRACE args_opt RBRACE .)
    STAR            reduce using rule 105 (primary -> DOT LBRACE args_opt RBRACE .)
    SLASH           reduce using rule 105 (primary -> DOT LBRACE args_opt RBRACE .)
    PERCENT         reduce using rule 105 (primary -> DOT LBRACE args_opt RBRACE .)
    EQEQ            reduce using rule 105 (primary -> DOT LBRACE args_opt RBRACE .)
    NE              reduce using rule 105 (primary -> DOT LBRACE args_opt RBRACE .)
    LT              reduce using rule 105 (primary -> DOT LBRACE args_opt RBRACE .)
    LE              reduce using rule 105 (primary -> DOT LBRACE args_opt RBRACE .)
    GT              reduce using rule 105 (primary -> DOT LBRACE args_opt RBRACE .)
    GE              reduce using rule 105 (primary -> DOT LBRACE args_opt RBRACE .)
    ANDAND          reduce using rule 105 (primary -> DOT LBRACE args_opt RBRACE .)
    OROR            reduce using rule 105 (primary -> DOT LBRACE args_opt RBRACE .)
    SEMICOLON       reduce using rule 105 (primary -> DOT LBRACE args_opt RBRACE .)
    RBRACKET        reduce using rule 105 (primary -> DOT LBRACE args_opt RBRACE .)
    RPAREN          reduce using rule 105 (primary -> DOT LBRACE args_opt RBRACE .)
    COMMA           reduce using rule 105 (primary -> DOT LBRACE args_opt RBRACE .)
    RBRACE          reduce using rule 105 (primary -> DOT LBRACE args_opt RBRACE .)
    EQ              reduce using rule 105 (primary -> DOT LBRACE args_opt RBRACE .)
    PLUS_EQ         reduce using rule 105 (primary -> DOT LBRACE args_opt RBRACE .)
    MINUS_EQ        reduce using rule 105 (primary -> DOT LBRACE args_opt RBRACE .)
    STAR_EQ         reduce using rule 105 (primary -> DOT LBRACE args_opt RBRACE .)
    SLASH_EQ        reduce using rule 105 (primary -> DOT LBRACE args_opt RBRACE .)
    PERCENT_EQ      reduce using rule 105 (primary -> DOT LBRACE args_opt RBRACE .)


state 146

    (104) primary -> STRUCT LBRACE struct_fields_opt RBRACE .

    LPAREN          reduce using rule 104 (primary -> STRUCT LBRACE struct_fields_opt RBRACE .)
    DOT             reduce using rule 104 (primary -> STRUCT LBRACE struct_fields_opt RBRACE .)
    LBRACKET        reduce using rule 104 (primary -> STRUCT LBRACE struct_fields_opt RBRACE .)
    DOTDOT          reduce using rule 104 (primary -> STRUCT LBRACE struct_fields_opt RBRACE .)
    PLUS            reduce using rule 104 (primary -> STRUCT LBRACE struct_fields_opt RBRACE .)
    MINUS           reduce using rule 104 (primary -> STRUCT LBRACE struct_fields_opt RBRACE .)
    STAR            reduce using rule 104 (primary -> STRUCT LBRACE struct_fields_opt RBRACE .)
    SLASH           reduce using rule 104 (primary -> STRUCT LBRACE struct_fields_opt RBRACE .)
    PERCENT         reduce using rule 104 (primary -> STRUCT LBRACE struct_fields_opt RBRACE .)
    EQEQ            reduce using rule 104 (primary -> STRUCT LBRACE struct_fields_opt RBRACE .)
    NE              reduce using rule 104 (primary -> STRUCT LBRACE struct_fields_opt RBRACE .)
    LT              reduce using rule 104 (primary -> STRUCT LBRACE struct_fields_opt RBRACE .)
    LE              reduce using rule 104 (primary -> STRUCT LBRACE struct_fields_opt RBRACE .)
    GT              reduce using rule 104 (primary -> STRUCT LBRACE struct_fields_opt RBRACE .)
    GE              reduce using rule 104 (primary -> STRUCT LBRACE struct_fields_opt RBRACE .)
    ANDAND          reduce using rule 104 (primary -> STRUCT LBRACE struct_fields_opt RBRACE .)
    OROR            reduce using rule 104 (primary -> STRUCT LBRACE struct_fields_opt RBRACE .)
    SEMICOLON       reduce using rule 104 (primary -> STRUCT LBRACE struct_fields_opt RBRACE .)
    RBRACKET        reduce using rule 104 (primary -> STRUCT LBRACE struct_fields_opt RBRACE .)
    RPAREN          reduce using rule 104 (primary -> STRUCT LBRACE struct_fields_opt RBRACE .)
    COMMA           reduce using rule 104 (primary -> STRUCT LBRACE struct_fields_opt RBRACE .)
    RBRACE          reduce using rule 104 (primary -> STRUCT LBRACE struct_fields_opt RBRACE .)
    EQ              reduce using rule 104 (primary -> STRUCT LBRACE struct_fields_opt RBRACE .)
    PLUS_EQ         reduce using rule 104 (primary -> STRUCT LBRACE struct_fields_opt RBRACE .)
    MINUS_EQ        reduce using rule 104 (primary -> STRUCT LBRACE struct_fields_opt RBRACE .)
    STAR_EQ         reduce using rule 104 (primary -> STRUCT LBRACE struct_fields_opt RBRACE .)
    SLASH_EQ        reduce using rule 104 (primary -> STRUCT LBRACE struct_fields_opt RBRACE .)
    PERCENT_EQ      reduce using rule 104 (primary -> STRUCT LBRACE struct_fields_opt RBRACE .)


state 147

    (40) struct_field -> IDENT COLON type_expr . COMMA
    (41) struct_field -> IDENT COLON type_expr .

    COMMA           shift and go to state 170
    IDENT           reduce using rule 41 (struct_field -> IDENT COLON type_expr .)
    RBRACE          reduce using rule 41 (struct_field -> IDENT COLON type_expr .)


state 148

    (46) block -> LBRACE statements_opt . RBRACE

    RBRACE          shift and go to state 171


state 149

    (47) statements_opt -> statements .
    (49) statements -> statements . statement
    (51) statement -> . var_decl SEMICOLON
    (52) statement -> . return_stmt SEMICOLON
    (53) statement -> . break_stmt SEMICOLON
    (54) statement -> . continue_stmt SEMICOLON
    (55) statement -> . assignment SEMICOLON
    (56) statement -> . expr_stmt SEMICOLON
    (57) statement -> . if_stmt
    (58) statement -> . while_stmt
    (59) statement -> . for_stmt
    (8) var_decl -> . CONST IDENT type_annotation_opt EQ expression
    (9) var_decl -> . VAR IDENT type_annotation_opt EQ expression
    (10) var_decl -> . VAR IDENT type_annotation
    (60) return_stmt -> . RETURN expression
    (61) return_stmt -> . RETURN
    (62) break_stmt -> . BREAK
    (63) continue_stmt -> . CONTINUE
    (69) assignment -> . postfix_expr EQ expression
    (70) assignment -> . postfix_expr PLUS_EQ expression
    (71) assignment -> . postfix_expr MINUS_EQ expression
    (72) assignment -> . postfix_expr STAR_EQ expression
    (73) assignment -> . postfix_expr SLASH_EQ expression
    (74) assignment -> . postfix_expr PERCENT_EQ expression
    (75) expr_stmt -> . expression
    (64) if_stmt -> . IF LPAREN expression RPAREN block else_opt
    (67) while_stmt -> . WHILE LPAREN expression RPAREN block
    (68) for_stmt -> . FOR LPAREN expression RPAREN PIPE IDENT PIPE block
    (95) postfix_expr -> . primary
    (96) postfix_expr -> . postfix_expr LPAREN args_opt RPAREN
    (97) postfix_expr -> . postfix_expr DOT IDENT
    (98) postfix_expr -> . postfix_expr LBRACKET expression RBRACKET
    (99) postfix_expr -> . postfix_expr DOT STAR
    (76) expression -> . expression DOTDOT expression
    (77) expression -> . expression PLUS expression
    (78) expression -> . expression MINUS expression
    (79) expression -> . expression STAR expression
    (80) expression -> . expression SLASH expression
    (81) expression -> . expression PERCENT expression
    (82) expression -> . expression EQEQ expression
    (83) expression -> . expression NE expression
    (84) expression -> . expression LT expression
    (85) expression -> . expression LE expression
    (86) expression -> . expression GT expression
    (87) expression -> . expression GE expression
    (88) expression -> . expression ANDAND expression
    (89) expression -> . expression OROR expression
    (90) expression -> . MINUS expression
    (91) expression -> . BANG expression
    (92) expression -> . AMP expression
    (93) expression -> . QUESTION expression
    (94) expression -> . postfix_expr
    (104) primary -> . STRUCT LBRACE struct_fields_opt RBRACE
    (105) primary -> . DOT LBRACE args_opt RBRACE
    (106) primary -> . INT
    (107) primary -> . STRING
    (108) primary -> . CHAR
    (109) primary -> . TRUE
    (110) primary -> . FALSE
    (111) primary -> . NULL
    (112) primary -> . UNDEFINED
    (113) primary -> . IDENT
    (114) primary -> . BUILTIN_IDENT
    (115) primary -> . LPAREN expression RPAREN

    RBRACE          reduce using rule 47 (statements_opt -> statements .)
    CONST           shift and go to state 8
    VAR             shift and go to state 9
    RETURN          shift and go to state 162
    BREAK           shift and go to state 163
    CONTINUE        shift and go to state 164
    IF              shift and go to state 166
    WHILE           shift and go to state 167
    FOR             shift and go to state 168
    MINUS           shift and go to state 50
    BANG            shift and go to state 51
    AMP             shift and go to state 52
    QUESTION        shift and go to state 53
    STRUCT          shift and go to state 58
    DOT             shift and go to state 57
    INT             shift and go to state 59
    STRING          shift and go to state 60
    CHAR            shift and go to state 61
    TRUE            shift and go to state 62
    FALSE           shift and go to state 63
    NULL            shift and go to state 64
    UNDEFINED       shift and go to state 65
    IDENT           shift and go to state 48
    BUILTIN_IDENT   shift and go to state 66
    LPAREN          shift and go to state 56

    statement                      shift and go to state 172
    var_decl                       shift and go to state 152
    return_stmt                    shift and go to state 153
    break_stmt                     shift and go to state 154
    continue_stmt                  shift and go to state 155
    assignment                     shift and go to state 156
    expr_stmt                      shift and go to state 157
    if_stmt                        shift and go to state 158
    while_stmt                     shift and go to state 159
    for_stmt                       shift and go to state 160
    expression                     shift and go to state 161
    postfix_expr                   shift and go to state 165
    primary                        shift and go to state 55

state 150

    (48) statements_opt -> empty .

    RBRACE          reduce using rule 48 (statements_opt -> empty .)


state 151

    (50) statements -> statement .

    CONST           reduce using rule 50 (statements -> statement .)
    VAR             reduce using rule 50 (statements -> statement .)
    RETURN          reduce using rule 50 (statements -> statement .)
    BREAK           reduce using rule 50 (statements -> statement .)
    CONTINUE        reduce using rule 50 (statements -> statement .)
    IF              reduce using rule 50 (statements -> statement .)
    WHILE           reduce using rule 50 (statements -> statement .)
    FOR             reduce using rule 50 (statements -> statement .)
    MINUS           reduce using rule 50 (statements -> statement .)
    BANG            reduce using rule 50 (statements -> statement .)
    AMP             reduce using rule 50 (statements -> statement .)
    QUESTION        reduce using rule 50 (statements -> statement .)
    STRUCT          reduce using rule 50 (statements -> statement .)
    DOT             reduce using rule 50 (statements -> statement .)
    INT             reduce using rule 50 (statements -> statement .)
    STRING          reduce using rule 50 (statements -> statement .)
    CHAR            reduce using rule 50 (statements -> statement .)
    TRUE            reduce using rule 50 (statements -> statement .)
    FALSE           reduce using rule 50 (statements -> statement .)
    NULL            reduce using rule 50 (statements -> statement .)
    UNDEFINED       reduce using rule 50 (statements -> statement .)
    IDENT           reduce using rule 50 (statements -> statement .)
    BUILTIN_IDENT   reduce using rule 50 (statements -> statement .)
    LPAREN          reduce using rule 50 (statements -> statement .)
    RBRACE          reduce using rule 50 (statements -> statement .)


state 152

    (51) statement -> var_decl . SEMICOLON

    SEMICOLON       shift and go to state 173


state 153

    (52) statement -> return_stmt . SEMICOLON

    SEMICOLON       shift and go to state 174


state 154

    (53) statement -> break_stmt . SEMICOLON

    SEMICOLON       shift and go to state 175


state 155

    (54) statement -> continue_stmt . SEMICOLON

    SEMICOLON       shift and go to state 176


state 156

    (55) statement -> assignment . SEMICOLON

    SEMICOLON       shift and go to state 177


state 157

    (56) statement -> expr_stmt . SEMICOLON

    SEMICOLON       shift and go to state 178


state 158

    (57) statement -> if_stmt .

    CONST           reduce using rule 57 (statement -> if_stmt .)
    VAR             reduce using rule 57 (statement -> if_stmt .)
    RETURN          reduce using rule 57 (statement -> if_stmt .)
    BREAK           reduce using rule 57 (statement -> if_stmt .)
    CONTINUE        reduce using rule 57 (statement -> if_stmt .)
    IF              reduce using rule 57 (statement -> if_stmt .)
    WHILE           reduce using rule 57 (statement -> if_stmt .)
    FOR             reduce using rule 57 (statement -> if_stmt .)
    MINUS           reduce using rule 57 (statement -> if_stmt .)
    BANG            reduce using rule 57 (statement -> if_stmt .)
    AMP             reduce using rule 57 (statement -> if_stmt .)
    QUESTION        reduce using rule 57 (statement -> if_stmt .)
    STRUCT          reduce using rule 57 (statement -> if_stmt .)
    DOT             reduce using rule 57 (statement -> if_stmt .)
    INT             reduce using rule 57 (statement -> if_stmt .)
    STRING          reduce using rule 57 (statement -> if_stmt .)
    CHAR            reduce using rule 57 (statement -> if_stmt .)
    TRUE            reduce using rule 57 (statement -> if_stmt .)
    FALSE           reduce using rule 57 (statement -> if_stmt .)
    NULL            reduce using rule 57 (statement -> if_stmt .)
    UNDEFINED       reduce using rule 57 (statement -> if_stmt .)
    IDENT           reduce using rule 57 (statement -> if_stmt .)
    BUILTIN_IDENT   reduce using rule 57 (statement -> if_stmt .)
    LPAREN          reduce using rule 57 (statement -> if_stmt .)
    RBRACE          reduce using rule 57 (statement -> if_stmt .)


state 159

    (58) statement -> while_stmt .

    CONST           reduce using rule 58 (statement -> while_stmt .)
    VAR             reduce using rule 58 (statement -> while_stmt .)
    RETURN          reduce using rule 58 (statement -> while_stmt .)
    BREAK           reduce using rule 58 (statement -> while_stmt .)
    CONTINUE        reduce using rule 58 (statement -> while_stmt .)
    IF              reduce using rule 58 (statement -> while_stmt .)
    WHILE           reduce using rule 58 (statement -> while_stmt .)
    FOR             reduce using rule 58 (statement -> while_stmt .)
    MINUS           reduce using rule 58 (statement -> while_stmt .)
    BANG            reduce using rule 58 (statement -> while_stmt .)
    AMP             reduce using rule 58 (statement -> while_stmt .)
    QUESTION        reduce using rule 58 (statement -> while_stmt .)
    STRUCT          reduce using rule 58 (statement -> while_stmt .)
    DOT             reduce using rule 58 (statement -> while_stmt .)
    INT             reduce using rule 58 (statement -> while_stmt .)
    STRING          reduce using rule 58 (statement -> while_stmt .)
    CHAR            reduce using rule 58 (statement -> while_stmt .)
    TRUE            reduce using rule 58 (statement -> while_stmt .)
    FALSE           reduce using rule 58 (statement -> while_stmt .)
    NULL            reduce using rule 58 (statement -> while_stmt .)
    UNDEFINED       reduce using rule 58 (statement -> while_stmt .)
    IDENT           reduce using rule 58 (statement -> while_stmt .)
    BUILTIN_IDENT   reduce using rule 58 (statement -> while_stmt .)
    LPAREN          reduce using rule 58 (statement -> while_stmt .)
    RBRACE          reduce using rule 58 (statement -> while_stmt .)


state 160

    (59) statement -> for_stmt .

    CONST           reduce using rule 59 (statement -> for_stmt .)
    VAR             reduce using rule 59 (statement -> for_stmt .)
    RETURN          reduce using rule 59 (statement -> for_stmt .)
    BREAK           reduce using rule 59 (statement -> for_stmt .)
    CONTINUE        reduce using rule 59 (statement -> for_stmt .)
    IF              reduce using rule 59 (statement -> for_stmt .)
    WHILE           reduce using rule 59 (statement -> for_stmt .)
    FOR             reduce using rule 59 (statement -> for_stmt .)
    MINUS           reduce using rule 59 (statement -> for_stmt .)
    BANG            reduce using rule 59 (statement -> for_stmt .)
    AMP             reduce using rule 59 (statement -> for_stmt .)
    QUESTION        reduce using rule 59 (statement -> for_stmt .)
    STRUCT          reduce using rule 59 (statement -> for_stmt .)
    DOT             reduce using rule 59 (statement -> for_stmt .)
    INT             reduce using rule 59 (statement -> for_stmt .)
    STRING          reduce using rule 59 (statement -> for_stmt .)
    CHAR            reduce using rule 59 (statement -> for_stmt .)
    TRUE            reduce using rule 59 (statement -> for_stmt .)
    FALSE           reduce using rule 59 (statement -> for_stmt .)
    NULL            reduce using rule 59 (statement -> for_stmt .)
    UNDEFINED       reduce using rule 59 (statement -> for_stmt .)
    IDENT           reduce using rule 59 (statement -> for_stmt .)
    BUILTIN_IDENT   reduce using rule 59 (statement -> for_stmt .)
    LPAREN          reduce using rule 59 (statement -> for_stmt .)
    RBRACE          reduce using rule 59 (statement -> for_stmt .)


state 161

    (75) expr_stmt -> expression .
    (76) expression -> expression . DOTDOT expression
    (77) expression -> expression . PLUS expression
    (78) expression -> expression . MINUS expression
    (79) expression -> expression . STAR expression
    (80) expression -> expression . SLASH expression
    (81) expression -> expression . PERCENT expression
    (82) expression -> expression . EQEQ expression
    (83) expression -> expression . NE expression
    (84) expression -> expression . LT expression
    (85) expression -> expression . LE expression
    (86) expression -> expression . GT expression
    (87) expression -> expression . GE expression
    (88) expression -> expression . ANDAND expression
    (89) expression -> expression . OROR expression

    SEMICOLON       reduce using rule 75 (expr_stmt -> expression .)
    DOTDOT          shift and go to state 76
    PLUS            shift and go to state 77
    MINUS           shift and go to state 78
    STAR            shift and go to state 79
    SLASH           shift and go to state 80
    PERCENT         shift and go to state 81
    EQEQ            shift and go to state 82
    NE              shift and go to state 83
    LT              shift and go to state 84
    LE              shift and go to state 85
    GT              shift and go to state 86
    GE              shift and go to state 87
    ANDAND          shift and go to state 88
    OROR            shift and go to state 89


state 162

    (60) return_stmt -> RETURN . expression
    (61) return_stmt -> RETURN .
    (76) expression -> . expression DOTDOT expression
    (77) expression -> . expression PLUS expression
    (78) expression -> . expression MINUS expression
    (79) expression -> . expression STAR expression
    (80) expression -> . expression SLASH expression
    (81) expression -> . expression PERCENT expression
    (82) expression -> . expression EQEQ expression
    (83) expression -> . expression NE expression
    (84) expression -> . expression LT expression
    (85) expression -> . expression LE expression
    (86) expression -> . expression GT expression
    (87) expression -> . expression GE expression
    (88) expression -> . expression ANDAND expression
    (89) expression -> . expression OROR expression
    (90) expression -> . MINUS expression
    (91) expression -> . BANG expression
    (92) expression -> . AMP expression
    (93) expression -> . QUESTION expression
    (94) expression -> . postfix_expr
    (95) postfix_expr -> . primary
    (96) postfix_expr -> . postfix_expr LPAREN args_opt RPAREN
    (97) postfix_expr -> . postfix_expr DOT IDENT
    (98) postfix_expr -> . postfix_expr LBRACKET expression RBRACKET
    (99) postfix_expr -> . postfix_expr DOT STAR
    (104) primary -> . STRUCT LBRACE struct_fields_opt RBRACE
    (105) primary -> . DOT LBRACE args_opt RBRACE
    (106) primary -> . INT
    (107) primary -> . STRING
    (108) primary -> . CHAR
    (109) primary -> . TRUE
    (110) primary -> . FALSE
    (111) primary -> . NULL
    (112) primary -> . UNDEFINED
    (113) primary -> . IDENT
    (114) primary -> . BUILTIN_IDENT
    (115) primary -> . LPAREN expression RPAREN

    SEMICOLON       reduce using rule 61 (return_stmt -> RETURN .)
    MINUS           shift and go to state 50
    BANG            shift and go to state 51
    AMP             shift and go to state 52
    QUESTION        shift and go to state 53
    STRUCT          shift and go to state 58
    DOT             shift and go to state 57
    INT             shift and go to state 59
    STRING          shift and go to state 60
    CHAR            shift and go to state 61
    TRUE            shift and go to state 62
    FALSE           shift and go to state 63
    NULL            shift and go to state 64
    UNDEFINED       shift and go to state 65
    IDENT           shift and go to state 48
    BUILTIN_IDENT   shift and go to state 66
    LPAREN          shift and go to state 56

    expression                     shift and go to state 179
    postfix_expr                   shift and go to state 54
    primary                        shift and go to state 55

state 163

    (62) break_stmt -> BREAK .

    SEMICOLON       reduce using rule 62 (break_stmt -> BREAK .)


state 164

    (63) continue_stmt -> CONTINUE .

    SEMICOLON       reduce using rule 63 (continue_stmt -> CONTINUE .)


state 165

    (69) assignment -> postfix_expr . EQ expression
    (70) assignment -> postfix_expr . PLUS_EQ expression
    (71) assignment -> postfix_expr . MINUS_EQ expression
    (72) assignment -> postfix_expr . STAR_EQ expression
    (73) assignment -> postfix_expr . SLASH_EQ expression
    (74) assignment -> postfix_expr . PERCENT_EQ expression
    (96) postfix_expr -> postfix_expr . LPAREN args_opt RPAREN
    (97) postfix_expr -> postfix_expr . DOT IDENT
    (98) postfix_expr -> postfix_expr . LBRACKET expression RBRACKET
    (99) postfix_expr -> postfix_expr . DOT STAR
    (94) expression -> postfix_expr .

    EQ              shift and go to state 180
    PLUS_EQ         shift and go to state 181
    MINUS_EQ        shift and go to state 182
    STAR_EQ         shift and go to state 183
    SLASH_EQ        shift and go to state 184
    PERCENT_EQ      shift and go to state 185
    LPAREN          shift and go to state 94
    DOT             shift and go to state 95
    LBRACKET        shift and go to state 96
    DOTDOT          reduce using rule 94 (expression -> postfix_expr .)
    PLUS            reduce using rule 94 (expression -> postfix_expr .)
    MINUS           reduce using rule 94 (expression -> postfix_expr .)
    STAR            reduce using rule 94 (expression -> postfix_expr .)
    SLASH           reduce using rule 94 (expression -> postfix_expr .)
    PERCENT         reduce using rule 94 (expression -> postfix_expr .)
    EQEQ            reduce using rule 94 (expression -> postfix_expr .)
    NE              reduce using rule 94 (expression -> postfix_expr .)
    LT              reduce using rule 94 (expression -> postfix_expr .)
    LE              reduce using rule 94 (expression -> postfix_expr .)
    GT              reduce using rule 94 (expression -> postfix_expr .)
    GE              reduce using rule 94 (expression -> postfix_expr .)
    ANDAND          reduce using rule 94 (expression -> postfix_expr .)
    OROR            reduce using rule 94 (expression -> postfix_expr .)
    SEMICOLON       reduce using rule 94 (expression -> postfix_expr .)


state 166

    (64) if_stmt -> IF . LPAREN expression RPAREN block else_opt

    LPAREN          shift and go to state 186


state 167

    (67) while_stmt -> WHILE . LPAREN expression RPAREN block

    LPAREN          shift and go to state 187


state 168

    (68) for_stmt -> FOR . LPAREN expression RPAREN PIPE IDENT PIPE block

    LPAREN          shift and go to state 188


state 169

    (102) args -> args COMMA expression .
    (76) expression -> expression . DOTDOT expression
    (77) expression -> expression . PLUS expression
    (78) expression -> expression . MINUS expression
    (79) expression -> expression . STAR expression
    (80) expression -> expression . SLASH expression
    (81) expression -> expression . PERCENT expression
    (82) expression -> expression . EQEQ expression
    (83) expression -> expression . NE expression
    (84) expression -> expression . LT expression
    (85) expression -> expression . LE expression
    (86) expression -> expression . GT expression
    (87) expression -> expression . GE expression
    (88) expression -> expression . ANDAND expression
    (89) expression -> expression . OROR expression

    COMMA           reduce using rule 102 (args -> args COMMA expression .)
    RPAREN          reduce using rule 102 (args -> args COMMA expression .)
    RBRACE          reduce using rule 102 (args -> args COMMA expression .)
    DOTDOT          shift and go to state 76
    PLUS            shift and go to state 77
    MINUS           shift and go to state 78
    STAR            shift and go to state 79
    SLASH           shift and go to state 80
    PERCENT         shift and go to state 81
    EQEQ            shift and go to state 82
    NE              shift and go to state 83
    LT              shift and go to state 84
    LE              shift and go to state 85
    GT              shift and go to state 86
    GE              shift and go to state 87
    ANDAND          shift and go to state 88
    OROR            shift and go to state 89


state 170

    (40) struct_field -> IDENT COLON type_expr COMMA .

    IDENT           reduce using rule 40 (struct_field -> IDENT COLON type_expr COMMA .)
    RBRACE          reduce using rule 40 (struct_field -> IDENT COLON type_expr COMMA .)


state 171

    (46) block -> LBRACE statements_opt RBRACE .

    CONST           reduce using rule 46 (block -> LBRACE statements_opt RBRACE .)
    VAR             reduce using rule 46 (block -> LBRACE statements_opt RBRACE .)
    FN              reduce using rule 46 (block -> LBRACE statements_opt RBRACE .)
    $end            reduce using rule 46 (block -> LBRACE statements_opt RBRACE .)
    ELSE            reduce using rule 46 (block -> LBRACE statements_opt RBRACE .)
    RETURN          reduce using rule 46 (block -> LBRACE statements_opt RBRACE .)
    BREAK           reduce using rule 46 (block -> LBRACE statements_opt RBRACE .)
    CONTINUE        reduce using rule 46 (block -> LBRACE statements_opt RBRACE .)
    IF              reduce using rule 46 (block -> LBRACE statements_opt RBRACE .)
    WHILE           reduce using rule 46 (block -> LBRACE statements_opt RBRACE .)
    FOR             reduce using rule 46 (block -> LBRACE statements_opt RBRACE .)
    MINUS           reduce using rule 46 (block -> LBRACE statements_opt RBRACE .)
    BANG            reduce using rule 46 (block -> LBRACE statements_opt RBRACE .)
    AMP             reduce using rule 46 (block -> LBRACE statements_opt RBRACE .)
    QUESTION        reduce using rule 46 (block -> LBRACE statements_opt RBRACE .)
    STRUCT          reduce using rule 46 (block -> LBRACE statements_opt RBRACE .)
    DOT             reduce using rule 46 (block -> LBRACE statements_opt RBRACE .)
    INT             reduce using rule 46 (block -> LBRACE statements_opt RBRACE .)
    STRING          reduce using rule 46 (block -> LBRACE statements_opt RBRACE .)
    CHAR            reduce using rule 46 (block -> LBRACE statements_opt RBRACE .)
    TRUE            reduce using rule 46 (block -> LBRACE statements_opt RBRACE .)
    FALSE           reduce using rule 46 (block -> LBRACE statements_opt RBRACE .)
    NULL            reduce using rule 46 (block -> LBRACE statements_opt RBRACE .)
    UNDEFINED       reduce using rule 46 (block -> LBRACE statements_opt RBRACE .)
    IDENT           reduce using rule 46 (block -> LBRACE statements_opt RBRACE .)
    BUILTIN_IDENT   reduce using rule 46 (block -> LBRACE statements_opt RBRACE .)
    LPAREN          reduce using rule 46 (block -> LBRACE statements_opt RBRACE .)
    RBRACE          reduce using rule 46 (block -> LBRACE statements_opt RBRACE .)


state 172

    (49) statements -> statements statement .

    CONST           reduce using rule 49 (statements -> statements statement .)
    VAR             reduce using rule 49 (statements -> statements statement .)
    RETURN          reduce using rule 49 (statements -> statements statement .)
    BREAK           reduce using rule 49 (statements -> statements statement .)
    CONTINUE        reduce using rule 49 (statements -> statements statement .)
    IF              reduce using rule 49 (statements -> statements statement .)
    WHILE           reduce using rule 49 (statements -> statements statement .)
    FOR             reduce using rule 49 (statements -> statements statement .)
    MINUS           reduce using rule 49 (statements -> statements statement .)
    BANG            reduce using rule 49 (statements -> statements statement .)
    AMP             reduce using rule 49 (statements -> statements statement .)
    QUESTION        reduce using rule 49 (statements -> statements statement .)
    STRUCT          reduce using rule 49 (statements -> statements statement .)
    DOT             reduce using rule 49 (statements -> statements statement .)
    INT             reduce using rule 49 (statements -> statements statement .)
    STRING          reduce using rule 49 (statements -> statements statement .)
    CHAR            reduce using rule 49 (statements -> statements statement .)
    TRUE            reduce using rule 49 (statements -> statements statement .)
    FALSE           reduce using rule 49 (statements -> statements statement .)
    NULL            reduce using rule 49 (statements -> statements statement .)
    UNDEFINED       reduce using rule 49 (statements -> statements statement .)
    IDENT           reduce using rule 49 (statements -> statements statement .)
    BUILTIN_IDENT   reduce using rule 49 (statements -> statements statement .)
    LPAREN          reduce using rule 49 (statements -> statements statement .)
    RBRACE          reduce using rule 49 (statements -> statements statement .)


state 173

    (51) statement -> var_decl SEMICOLON .

    CONST           reduce using rule 51 (statement -> var_decl SEMICOLON .)
    VAR             reduce using rule 51 (statement -> var_decl SEMICOLON .)
    RETURN          reduce using rule 51 (statement -> var_decl SEMICOLON .)
    BREAK           reduce using rule 51 (statement -> var_decl SEMICOLON .)
    CONTINUE        reduce using rule 51 (statement -> var_decl SEMICOLON .)
    IF              reduce using rule 51 (statement -> var_decl SEMICOLON .)
    WHILE           reduce using rule 51 (statement -> var_decl SEMICOLON .)
    FOR             reduce using rule 51 (statement -> var_decl SEMICOLON .)
    MINUS           reduce using rule 51 (statement -> var_decl SEMICOLON .)
    BANG            reduce using rule 51 (statement -> var_decl SEMICOLON .)
    AMP             reduce using rule 51 (statement -> var_decl SEMICOLON .)
    QUESTION        reduce using rule 51 (statement -> var_decl SEMICOLON .)
    STRUCT          reduce using rule 51 (statement -> var_decl SEMICOLON .)
    DOT             reduce using rule 51 (statement -> var_decl SEMICOLON .)
    INT             reduce using rule 51 (statement -> var_decl SEMICOLON .)
    STRING          reduce using rule 51 (statement -> var_decl SEMICOLON .)
    CHAR            reduce using rule 51 (statement -> var_decl SEMICOLON .)
    TRUE            reduce using rule 51 (statement -> var_decl SEMICOLON .)
    FALSE           reduce using rule 51 (statement -> var_decl SEMICOLON .)
    NULL            reduce using rule 51 (statement -> var_decl SEMICOLON .)
    UNDEFINED       reduce using rule 51 (statement -> var_decl SEMICOLON .)
    IDENT           reduce using rule 51 (statement -> var_decl SEMICOLON .)
    BUILTIN_IDENT   reduce using rule 51 (statement -> var_decl SEMICOLON .)
    LPAREN          reduce using rule 51 (statement -> var_decl SEMICOLON .)
    RBRACE          reduce using rule 51 (statement -> var_decl SEMICOLON .)


state 174

    (52) statement -> return_stmt SEMICOLON .

    CONST           reduce using rule 52 (statement -> return_stmt SEMICOLON .)
    VAR             reduce using rule 52 (statement -> return_stmt SEMICOLON .)
    RETURN          reduce using rule 52 (statement -> return_stmt SEMICOLON .)
    BREAK           reduce using rule 52 (statement -> return_stmt SEMICOLON .)
    CONTINUE        reduce using rule 52 (statement -> return_stmt SEMICOLON .)
    IF              reduce using rule 52 (statement -> return_stmt SEMICOLON .)
    WHILE           reduce using rule 52 (statement -> return_stmt SEMICOLON .)
    FOR             reduce using rule 52 (statement -> return_stmt SEMICOLON .)
    MINUS           reduce using rule 52 (statement -> return_stmt SEMICOLON .)
    BANG            reduce using rule 52 (statement -> return_stmt SEMICOLON .)
    AMP             reduce using rule 52 (statement -> return_stmt SEMICOLON .)
    QUESTION        reduce using rule 52 (statement -> return_stmt SEMICOLON .)
    STRUCT          reduce using rule 52 (statement -> return_stmt SEMICOLON .)
    DOT             reduce using rule 52 (statement -> return_stmt SEMICOLON .)
    INT             reduce using rule 52 (statement -> return_stmt SEMICOLON .)
    STRING          reduce using rule 52 (statement -> return_stmt SEMICOLON .)
    CHAR            reduce using rule 52 (statement -> return_stmt SEMICOLON .)
    TRUE            reduce using rule 52 (statement -> return_stmt SEMICOLON .)
    FALSE           reduce using rule 52 (statement -> return_stmt SEMICOLON .)
    NULL            reduce using rule 52 (statement -> return_stmt SEMICOLON .)
    UNDEFINED       reduce using rule 52 (statement -> return_stmt SEMICOLON .)
    IDENT           reduce using rule 52 (statement -> return_stmt SEMICOLON .)
    BUILTIN_IDENT   reduce using rule 52 (statement -> return_stmt SEMICOLON .)
    LPAREN          reduce using rule 52 (statement -> return_stmt SEMICOLON .)
    RBRACE          reduce using rule 52 (statement -> return_stmt SEMICOLON .)


state 175

    (53) statement -> break_stmt SEMICOLON .

    CONST           reduce using rule 53 (statement -> break_stmt SEMICOLON .)
    VAR             reduce using rule 53 (statement -> break_stmt SEMICOLON .)
    RETURN          reduce using rule 53 (statement -> break_stmt SEMICOLON .)
    BREAK           reduce using rule 53 (statement -> break_stmt SEMICOLON .)
    CONTINUE        reduce using rule 53 (statement -> break_stmt SEMICOLON .)
    IF              reduce using rule 53 (statement -> break_stmt SEMICOLON .)
    WHILE           reduce using rule 53 (statement -> break_stmt SEMICOLON .)
    FOR             reduce using rule 53 (statement -> break_stmt SEMICOLON .)
    MINUS           reduce using rule 53 (statement -> break_stmt SEMICOLON .)
    BANG            reduce using rule 53 (statement -> break_stmt SEMICOLON .)
    AMP             reduce using rule 53 (statement -> break_stmt SEMICOLON .)
    QUESTION        reduce using rule 53 (statement -> break_stmt SEMICOLON .)
    STRUCT          reduce using rule 53 (statement -> break_stmt SEMICOLON .)
    DOT             reduce using rule 53 (statement -> break_stmt SEMICOLON .)
    INT             reduce using rule 53 (statement -> break_stmt SEMICOLON .)
    STRING          reduce using rule 53 (statement -> break_stmt SEMICOLON .)
    CHAR            reduce using rule 53 (statement -> break_stmt SEMICOLON .)
    TRUE            reduce using rule 53 (statement -> break_stmt SEMICOLON .)
    FALSE           reduce using rule 53 (statement -> break_stmt SEMICOLON .)
    NULL            reduce using rule 53 (statement -> break_stmt SEMICOLON .)
    UNDEFINED       reduce using rule 53 (statement -> break_stmt SEMICOLON .)
    IDENT           reduce using rule 53 (statement -> break_stmt SEMICOLON .)
    BUILTIN_IDENT   reduce using rule 53 (statement -> break_stmt SEMICOLON .)
    LPAREN          reduce using rule 53 (statement -> break_stmt SEMICOLON .)
    RBRACE          reduce using rule 53 (statement -> break_stmt SEMICOLON .)


state 176

    (54) statement -> continue_stmt SEMICOLON .

    CONST           reduce using rule 54 (statement -> continue_stmt SEMICOLON .)
    VAR             reduce using rule 54 (statement -> continue_stmt SEMICOLON .)
    RETURN          reduce using rule 54 (statement -> continue_stmt SEMICOLON .)
    BREAK           reduce using rule 54 (statement -> continue_stmt SEMICOLON .)
    CONTINUE        reduce using rule 54 (statement -> continue_stmt SEMICOLON .)
    IF              reduce using rule 54 (statement -> continue_stmt SEMICOLON .)
    WHILE           reduce using rule 54 (statement -> continue_stmt SEMICOLON .)
    FOR             reduce using rule 54 (statement -> continue_stmt SEMICOLON .)
    MINUS           reduce using rule 54 (statement -> continue_stmt SEMICOLON .)
    BANG            reduce using rule 54 (statement -> continue_stmt SEMICOLON .)
    AMP             reduce using rule 54 (statement -> continue_stmt SEMICOLON .)
    QUESTION        reduce using rule 54 (statement -> continue_stmt SEMICOLON .)
    STRUCT          reduce using rule 54 (statement -> continue_stmt SEMICOLON .)
    DOT             reduce using rule 54 (statement -> continue_stmt SEMICOLON .)
    INT             reduce using rule 54 (statement -> continue_stmt SEMICOLON .)
    STRING          reduce using rule 54 (statement -> continue_stmt SEMICOLON .)
    CHAR            reduce using rule 54 (statement -> continue_stmt SEMICOLON .)
    TRUE            reduce using rule 54 (statement -> continue_stmt SEMICOLON .)
    FALSE           reduce using rule 54 (statement -> continue_stmt SEMICOLON .)
    NULL            reduce using rule 54 (statement -> continue_stmt SEMICOLON .)
    UNDEFINED       reduce using rule 54 (statement -> continue_stmt SEMICOLON .)
    IDENT           reduce using rule 54 (statement -> continue_stmt SEMICOLON .)
    BUILTIN_IDENT   reduce using rule 54 (statement -> continue_stmt SEMICOLON .)
    LPAREN          reduce using rule 54 (statement -> continue_stmt SEMICOLON .)
    RBRACE          reduce using rule 54 (statement -> continue_stmt SEMICOLON .)


state 177

    (55) statement -> assignment SEMICOLON .

    CONST           reduce using rule 55 (statement -> assignment SEMICOLON .)
    VAR             reduce using rule 55 (statement -> assignment SEMICOLON .)
    RETURN          reduce using rule 55 (statement -> assignment SEMICOLON .)
    BREAK           reduce using rule 55 (statement -> assignment SEMICOLON .)
    CONTINUE        reduce using rule 55 (statement -> assignment SEMICOLON .)
    IF              reduce using rule 55 (statement -> assignment SEMICOLON .)
    WHILE           reduce using rule 55 (statement -> assignment SEMICOLON .)
    FOR             reduce using rule 55 (statement -> assignment SEMICOLON .)
    MINUS           reduce using rule 55 (statement -> assignment SEMICOLON .)
    BANG            reduce using rule 55 (statement -> assignment SEMICOLON .)
    AMP             reduce using rule 55 (statement -> assignment SEMICOLON .)
    QUESTION        reduce using rule 55 (statement -> assignment SEMICOLON .)
    STRUCT          reduce using rule 55 (statement -> assignment SEMICOLON .)
    DOT             reduce using rule 55 (statement -> assignment SEMICOLON .)
    INT             reduce using rule 55 (statement -> assignment SEMICOLON .)
    STRING          reduce using rule 55 (statement -> assignment SEMICOLON .)
    CHAR            reduce using rule 55 (statement -> assignment SEMICOLON .)
    TRUE            reduce using rule 55 (statement -> assignment SEMICOLON .)
    FALSE           reduce using rule 55 (statement -> assignment SEMICOLON .)
    NULL            reduce using rule 55 (statement -> assignment SEMICOLON .)
    UNDEFINED       reduce using rule 55 (statement -> assignment SEMICOLON .)
    IDENT           reduce using rule 55 (statement -> assignment SEMICOLON .)
    BUILTIN_IDENT   reduce using rule 55 (statement -> assignment SEMICOLON .)
    LPAREN          reduce using rule 55 (statement -> assignment SEMICOLON .)
    RBRACE          reduce using rule 55 (statement -> assignment SEMICOLON .)


state 178

    (56) statement -> expr_stmt SEMICOLON .

    CONST           reduce using rule 56 (statement -> expr_stmt SEMICOLON .)
    VAR             reduce using rule 56 (statement -> expr_stmt SEMICOLON .)
    RETURN          reduce using rule 56 (statement -> expr_stmt SEMICOLON .)
    BREAK           reduce using rule 56 (statement -> expr_stmt SEMICOLON .)
    CONTINUE        reduce using rule 56 (statement -> expr_stmt SEMICOLON .)
    IF              reduce using rule 56 (statement -> expr_stmt SEMICOLON .)
    WHILE           reduce using rule 56 (statement -> expr_stmt SEMICOLON .)
    FOR             reduce using rule 56 (statement -> expr_stmt SEMICOLON .)
    MINUS           reduce using rule 56 (statement -> expr_stmt SEMICOLON .)
    BANG            reduce using rule 56 (statement -> expr_stmt SEMICOLON .)
    AMP             reduce using rule 56 (statement -> expr_stmt SEMICOLON .)
    QUESTION        reduce using rule 56 (statement -> expr_stmt SEMICOLON .)
    STRUCT          reduce using rule 56 (statement -> expr_stmt SEMICOLON .)
    DOT             reduce using rule 56 (statement -> expr_stmt SEMICOLON .)
    INT             reduce using rule 56 (statement -> expr_stmt SEMICOLON .)
    STRING          reduce using rule 56 (statement -> expr_stmt SEMICOLON .)
    CHAR            reduce using rule 56 (statement -> expr_stmt SEMICOLON .)
    TRUE            reduce using rule 56 (statement -> expr_stmt SEMICOLON .)
    FALSE           reduce using rule 56 (statement -> expr_stmt SEMICOLON .)
    NULL            reduce using rule 56 (statement -> expr_stmt SEMICOLON .)
    UNDEFINED       reduce using rule 56 (statement -> expr_stmt SEMICOLON .)
    IDENT           reduce using rule 56 (statement -> expr_stmt SEMICOLON .)
    BUILTIN_IDENT   reduce using rule 56 (statement -> expr_stmt SEMICOLON .)
    LPAREN          reduce using rule 56 (statement -> expr_stmt SEMICOLON .)
    RBRACE          reduce using rule 56 (statement -> expr_stmt SEMICOLON .)


state 179

    (60) return_stmt -> RETURN expression .
    (76) expression -> expression . DOTDOT expression
    (77) expression -> expression . PLUS expression
    (78) expression -> expression . MINUS expression
    (79) expression -> expression . STAR expression
    (80) expression -> expression . SLASH expression
    (81) expression -> expression . PERCENT expression
    (82) expression -> expression . EQEQ expression
    (83) expression -> expression . NE expression
    (84) expression -> expression . LT expression
    (85) expression -> expression . LE expression
    (86) expression -> expression . GT expression
    (87) expression -> expression . GE expression
    (88) expression -> expression . ANDAND expression
    (89) expression -> expression . OROR expression

    SEMICOLON       reduce using rule 60 (return_stmt -> RETURN expression .)
    DOTDOT          shift and go to state 76
    PLUS            shift and go to state 77
    MINUS           shift and go to state 78
    STAR            shift and go to state 79
    SLASH           shift and go to state 80
    PERCENT         shift and go to state 81
    EQEQ            shift and go to state 82
    NE              shift and go to state 83
    LT              shift and go to state 84
    LE              shift and go to state 85
    GT              shift and go to state 86
    GE              shift and go to state 87
    ANDAND          shift and go to state 88
    OROR            shift and go to state 89


state 180

    (69) assignment -> postfix_expr EQ . expression
    (76) expression -> . expression DOTDOT expression
    (77) expression -> . expression PLUS expression
    (78) expression -> . expression MINUS expression
    (79) expression -> . expression STAR expression
    (80) expression -> . expression SLASH expression
    (81) expression -> . expression PERCENT expression
    (82) expression -> . expression EQEQ expression
    (83) expression -> . expression NE expression
    (84) expression -> . expression LT expression
    (85) expression -> . expression LE expression
    (86) expression -> . expression GT expression
    (87) expression -> . expression GE expression
    (88) expression -> . expression ANDAND expression
    (89) expression -> . expression OROR expression
    (90) expression -> . MINUS expression
    (91) expression -> . BANG expression
    (92) expression -> . AMP expression
    (93) expression -> . QUESTION expression
    (94) expression -> . postfix_expr
    (95) postfix_expr -> . primary
    (96) postfix_expr -> . postfix_expr LPAREN args_opt RPAREN
    (97) postfix_expr -> . postfix_expr DOT IDENT
    (98) postfix_expr -> . postfix_expr LBRACKET expression RBRACKET
    (99) postfix_expr -> . postfix_expr DOT STAR
    (104) primary -> . STRUCT LBRACE struct_fields_opt RBRACE
    (105) primary -> . DOT LBRACE args_opt RBRACE
    (106) primary -> . INT
    (107) primary -> . STRING
    (108) primary -> . CHAR
    (109) primary -> . TRUE
    (110) primary -> . FALSE
    (111) primary -> . NULL
    (112) primary -> . UNDEFINED
    (113) primary -> . IDENT
    (114) primary -> . BUILTIN_IDENT
    (115) primary -> . LPAREN expression RPAREN

    MINUS           shift and go to state 50
    BANG            shift and go to state 51
    AMP             shift and go to state 52
    QUESTION        shift and go to state 53
    STRUCT          shift and go to state 58
    DOT             shift and go to state 57
    INT             shift and go to state 59
    STRING          shift and go to state 60
    CHAR            shift and go to state 61
    TRUE            shift and go to state 62
    FALSE           shift and go to state 63
    NULL            shift and go to state 64
    UNDEFINED       shift and go to state 65
    IDENT           shift and go to state 48
    BUILTIN_IDENT   shift and go to state 66
    LPAREN          shift and go to state 56

    postfix_expr                   shift and go to state 54
    expression                     shift and go to state 189
    primary                        shift and go to state 55

state 181

    (70) assignment -> postfix_expr PLUS_EQ . expression
    (76) expression -> . expression DOTDOT expression
    (77) expression -> . expression PLUS expression
    (78) expression -> . expression MINUS expression
    (79) expression -> . expression STAR expression
    (80) expression -> . expression SLASH expression
    (81) expression -> . expression PERCENT expression
    (82) expression -> . expression EQEQ expression
    (83) expression -> . expression NE expression
    (84) expression -> . expression LT expression
    (85) expression -> . expression LE expression
    (86) expression -> . expression GT expression
    (87) expression -> . expression GE expression
    (88) expression -> . expression ANDAND expression
    (89) expression -> . expression OROR expression
    (90) expression -> . MINUS expression
    (91) expression -> . BANG expression
    (92) expression -> . AMP expression
    (93) expression -> . QUESTION expression
    (94) expression -> . postfix_expr
    (95) postfix_expr -> . primary
    (96) postfix_expr -> . postfix_expr LPAREN args_opt RPAREN
    (97) postfix_expr -> . postfix_expr DOT IDENT
    (98) postfix_expr -> . postfix_expr LBRACKET expression RBRACKET
    (99) postfix_expr -> . postfix_expr DOT STAR
    (104) primary -> . STRUCT LBRACE struct_fields_opt RBRACE
    (105) primary -> . DOT LBRACE args_opt RBRACE
    (106) primary -> . INT
    (107) primary -> . STRING
    (108) primary -> . CHAR
    (109) primary -> . TRUE
    (110) primary -> . FALSE
    (111) primary -> . NULL
    (112) primary -> . UNDEFINED
    (113) primary -> . IDENT
    (114) primary -> . BUILTIN_IDENT
    (115) primary -> . LPAREN expression RPAREN

    MINUS           shift and go to state 50
    BANG            shift and go to state 51
    AMP             shift and go to state 52
    QUESTION        shift and go to state 53
    STRUCT          shift and go to state 58
    DOT             shift and go to state 57
    INT             shift and go to state 59
    STRING          shift and go to state 60
    CHAR            shift and go to state 61
    TRUE            shift and go to state 62
    FALSE           shift and go to state 63
    NULL            shift and go to state 64
    UNDEFINED       shift and go to state 65
    IDENT           shift and go to state 48
    BUILTIN_IDENT   shift and go to state 66
    LPAREN          shift and go to state 56

    postfix_expr                   shift and go to state 54
    expression                     shift and go to state 190
    primary                        shift and go to state 55

state 182

    (71) assignment -> postfix_expr MINUS_EQ . expression
    (76) expression -> . expression DOTDOT expression
    (77) expression -> . expression PLUS expression
    (78) expression -> . expression MINUS expression
    (79) expression -> . expression STAR expression
    (80) expression -> . expression SLASH expression
    (81) expression -> . expression PERCENT expression
    (82) expression -> . expression EQEQ expression
    (83) expression -> . expression NE expression
    (84) expression -> . expression LT expression
    (85) expression -> . expression LE expression
    (86) expression -> . expression GT expression
    (87) expression -> . expression GE expression
    (88) expression -> . expression ANDAND expression
    (89) expression -> . expression OROR expression
    (90) expression -> . MINUS expression
    (91) expression -> . BANG expression
    (92) expression -> . AMP expression
    (93) expression -> . QUESTION expression
    (94) expression -> . postfix_expr
    (95) postfix_expr -> . primary
    (96) postfix_expr -> . postfix_expr LPAREN args_opt RPAREN
    (97) postfix_expr -> . postfix_expr DOT IDENT
    (98) postfix_expr -> . postfix_expr LBRACKET expression RBRACKET
    (99) postfix_expr -> . postfix_expr DOT STAR
    (104) primary -> . STRUCT LBRACE struct_fields_opt RBRACE
    (105) primary -> . DOT LBRACE args_opt RBRACE
    (106) primary -> . INT
    (107) primary -> . STRING
    (108) primary -> . CHAR
    (109) primary -> . TRUE
    (110) primary -> . FALSE
    (111) primary -> . NULL
    (112) primary -> . UNDEFINED
    (113) primary -> . IDENT
    (114) primary -> . BUILTIN_IDENT
    (115) primary -> . LPAREN expression RPAREN

    MINUS           shift and go to state 50
    BANG            shift and go to state 51
    AMP             shift and go to state 52
    QUESTION        shift and go to state 53
    STRUCT          shift and go to state 58
    DOT             shift and go to state 57
    INT             shift and go to state 59
    STRING          shift and go to state 60
    CHAR            shift and go to state 61
    TRUE            shift and go to state 62
    FALSE           shift and go to state 63
    NULL            shift and go to state 64
    UNDEFINED       shift and go to state 65
    IDENT           shift and go to state 48
    BUILTIN_IDENT   shift and go to state 66
    LPAREN          shift and go to state 56

    postfix_expr                   shift and go to state 54
    expression                     shift and go to state 191
    primary                        shift and go to state 55

state 183

    (72) assignment -> postfix_expr STAR_EQ . expression
    (76) expression -> . expression DOTDOT expression
    (77) expression -> . expression PLUS expression
    (78) expression -> . expression MINUS expression
    (79) expression -> . expression STAR expression
    (80) expression -> . expression SLASH expression
    (81) expression -> . expression PERCENT expression
    (82) expression -> . expression EQEQ expression
    (83) expression -> . expression NE expression
    (84) expression -> . expression LT expression
    (85) expression -> . expression LE expression
    (86) expression -> . expression GT expression
    (87) expression -> . expression GE expression
    (88) expression -> . expression ANDAND expression
    (89) expression -> . expression OROR expression
    (90) expression -> . MINUS expression
    (91) expression -> . BANG expression
    (92) expression -> . AMP expression
    (93) expression -> . QUESTION expression
    (94) expression -> . postfix_expr
    (95) postfix_expr -> . primary
    (96) postfix_expr -> . postfix_expr LPAREN args_opt RPAREN
    (97) postfix_expr -> . postfix_expr DOT IDENT
    (98) postfix_expr -> . postfix_expr LBRACKET expression RBRACKET
    (99) postfix_expr -> . postfix_expr DOT STAR
    (104) primary -> . STRUCT LBRACE struct_fields_opt RBRACE
    (105) primary -> . DOT LBRACE args_opt RBRACE
    (106) primary -> . INT
    (107) primary -> . STRING
    (108) primary -> . CHAR
    (109) primary -> . TRUE
    (110) primary -> . FALSE
    (111) primary -> . NULL
    (112) primary -> . UNDEFINED
    (113) primary -> . IDENT
    (114) primary -> . BUILTIN_IDENT
    (115) primary -> . LPAREN expression RPAREN

    MINUS           shift and go to state 50
    BANG            shift and go to state 51
    AMP             shift and go to state 52
    QUESTION        shift and go to state 53
    STRUCT          shift and go to state 58
    DOT             shift and go to state 57
    INT             shift and go to state 59
    STRING          shift and go to state 60
    CHAR            shift and go to state 61
    TRUE            shift and go to state 62
    FALSE           shift and go to state 63
    NULL            shift and go to state 64
    UNDEFINED       shift and go to state 65
    IDENT           shift and go to state 48
    BUILTIN_IDENT   shift and go to state 66
    LPAREN          shift and go to state 56

    postfix_expr                   shift and go to state 54
    expression                     shift and go to state 192
    primary                        shift and go to state 55

state 184

    (73) assignment -> postfix_expr SLASH_EQ . expression
    (76) expression -> . expression DOTDOT expression
    (77) expression -> . expression PLUS expression
    (78) expression -> . expression MINUS expression
    (79) expression -> . expression STAR expression
    (80) expression -> . expression SLASH expression
    (81) expression -> . expression PERCENT expression
    (82) expression -> . expression EQEQ expression
    (83) expression -> . expression NE expression
    (84) expression -> . expression LT expression
    (85) expression -> . expression LE expression
    (86) expression -> . expression GT expression
    (87) expression -> . expression GE expression
    (88) expression -> . expression ANDAND expression
    (89) expression -> . expression OROR expression
    (90) expression -> . MINUS expression
    (91) expression -> . BANG expression
    (92) expression -> . AMP expression
    (93) expression -> . QUESTION expression
    (94) expression -> . postfix_expr
    (95) postfix_expr -> . primary
    (96) postfix_expr -> . postfix_expr LPAREN args_opt RPAREN
    (97) postfix_expr -> . postfix_expr DOT IDENT
    (98) postfix_expr -> . postfix_expr LBRACKET expression RBRACKET
    (99) postfix_expr -> . postfix_expr DOT STAR
    (104) primary -> . STRUCT LBRACE struct_fields_opt RBRACE
    (105) primary -> . DOT LBRACE args_opt RBRACE
    (106) primary -> . INT
    (107) primary -> . STRING
    (108) primary -> . CHAR
    (109) primary -> . TRUE
    (110) primary -> . FALSE
    (111) primary -> . NULL
    (112) primary -> . UNDEFINED
    (113) primary -> . IDENT
    (114) primary -> . BUILTIN_IDENT
    (115) primary -> . LPAREN expression RPAREN

    MINUS           shift and go to state 50
    BANG            shift and go to state 51
    AMP             shift and go to state 52
    QUESTION        shift and go to state 53
    STRUCT          shift and go to state 58
    DOT             shift and go to state 57
    INT             shift and go to state 59
    STRING          shift and go to state 60
    CHAR            shift and go to state 61
    TRUE            shift and go to state 62
    FALSE           shift and go to state 63
    NULL            shift and go to state 64
    UNDEFINED       shift and go to state 65
    IDENT           shift and go to state 48
    BUILTIN_IDENT   shift and go to state 66
    LPAREN          shift and go to state 56

    postfix_expr                   shift and go to state 54
    expression                     shift and go to state 193
    primary                        shift and go to state 55

state 185

    (74) assignment -> postfix_expr PERCENT_EQ . expression
    (76) expression -> . expression DOTDOT expression
    (77) expression -> . expression PLUS expression
    (78) expression -> . expression MINUS expression
    (79) expression -> . expression STAR expression
    (80) expression -> . expression SLASH expression
    (81) expression -> . expression PERCENT expression
    (82) expression -> . expression EQEQ expression
    (83) expression -> . expression NE expression
    (84) expression -> . expression LT expression
    (85) expression -> . expression LE expression
    (86) expression -> . expression GT expression
    (87) expression -> . expression GE expression
    (88) expression -> . expression ANDAND expression
    (89) expression -> . expression OROR expression
    (90) expression -> . MINUS expression
    (91) expression -> . BANG expression
    (92) expression -> . AMP expression
    (93) expression -> . QUESTION expression
    (94) expression -> . postfix_expr
    (95) postfix_expr -> . primary
    (96) postfix_expr -> . postfix_expr LPAREN args_opt RPAREN
    (97) postfix_expr -> . postfix_expr DOT IDENT
    (98) postfix_expr -> . postfix_expr LBRACKET expression RBRACKET
    (99) postfix_expr -> . postfix_expr DOT STAR
    (104) primary -> . STRUCT LBRACE struct_fields_opt RBRACE
    (105) primary -> . DOT LBRACE args_opt RBRACE
    (106) primary -> . INT
    (107) primary -> . STRING
    (108) primary -> . CHAR
    (109) primary -> . TRUE
    (110) primary -> . FALSE
    (111) primary -> . NULL
    (112) primary -> . UNDEFINED
    (113) primary -> . IDENT
    (114) primary -> . BUILTIN_IDENT
    (115) primary -> . LPAREN expression RPAREN

    MINUS           shift and go to state 50
    BANG            shift and go to state 51
    AMP             shift and go to state 52
    QUESTION        shift and go to state 53
    STRUCT          shift and go to state 58
    DOT             shift and go to state 57
    INT             shift and go to state 59
    STRING          shift and go to state 60
    CHAR            shift and go to state 61
    TRUE            shift and go to state 62
    FALSE           shift and go to state 63
    NULL            shift and go to state 64
    UNDEFINED       shift and go to state 65
    IDENT           shift and go to state 48
    BUILTIN_IDENT   shift and go to state 66
    LPAREN          shift and go to state 56

    postfix_expr                   shift and go to state 54
    expression                     shift and go to state 194
    primary                        shift and go to state 55

state 186

    (64) if_stmt -> IF LPAREN . expression RPAREN block else_opt
    (76) expression -> . expression DOTDOT expression
    (77) expression -> . expression PLUS expression
    (78) expression -> . expression MINUS expression
    (79) expression -> . expression STAR expression
    (80) expression -> . expression SLASH expression
    (81) expression -> . expression PERCENT expression
    (82) expression -> . expression EQEQ expression
    (83) expression -> . expression NE expression
    (84) expression -> . expression LT expression
    (85) expression -> . expression LE expression
    (86) expression -> . expression GT expression
    (87) expression -> . expression GE expression
    (88) expression -> . expression ANDAND expression
    (89) expression -> . expression OROR expression
    (90) expression -> . MINUS expression
    (91) expression -> . BANG expression
    (92) expression -> . AMP expression
    (93) expression -> . QUESTION expression
    (94) expression -> . postfix_expr
    (95) postfix_expr -> . primary
    (96) postfix_expr -> . postfix_expr LPAREN args_opt RPAREN
    (97) postfix_expr -> . postfix_expr DOT IDENT
    (98) postfix_expr -> . postfix_expr LBRACKET expression RBRACKET
    (99) postfix_expr -> . postfix_expr DOT STAR
    (104) primary -> . STRUCT LBRACE struct_fields_opt RBRACE
    (105) primary -> . DOT LBRACE args_opt RBRACE
    (106) primary -> . INT
    (107) primary -> . STRING
    (108) primary -> . CHAR
    (109) primary -> . TRUE
    (110) primary -> . FALSE
    (111) primary -> . NULL
    (112) primary -> . UNDEFINED
    (113) primary -> . IDENT
    (114) primary -> . BUILTIN_IDENT
    (115) primary -> . LPAREN expression RPAREN

    MINUS           shift and go to state 50
    BANG            shift and go to state 51
    AMP             shift and go to state 52
    QUESTION        shift and go to state 53
    STRUCT          shift and go to state 58
    DOT             shift and go to state 57
    INT             shift and go to state 59
    STRING          shift and go to state 60
    CHAR            shift and go to state 61
    TRUE            shift and go to state 62
    FALSE           shift and go to state 63
    NULL            shift and go to state 64
    UNDEFINED       shift and go to state 65
    IDENT           shift and go to state 48
    BUILTIN_IDENT   shift and go to state 66
    LPAREN          shift and go to state 56

    expression                     shift and go to state 195
    postfix_expr                   shift and go to state 54
    primary                        shift and go to state 55

state 187

    (67) while_stmt -> WHILE LPAREN . expression RPAREN block
    (76) expression -> . expression DOTDOT expression
    (77) expression -> . expression PLUS expression
    (78) expression -> . expression MINUS expression
    (79) expression -> . expression STAR expression
    (80) expression -> . expression SLASH expression
    (81) expression -> . expression PERCENT expression
    (82) expression -> . expression EQEQ expression
    (83) expression -> . expression NE expression
    (84) expression -> . expression LT expression
    (85) expression -> . expression LE expression
    (86) expression -> . expression GT expression
    (87) expression -> . expression GE expression
    (88) expression -> . expression ANDAND expression
    (89) expression -> . expression OROR expression
    (90) expression -> . MINUS expression
    (91) expression -> . BANG expression
    (92) expression -> . AMP expression
    (93) expression -> . QUESTION expression
    (94) expression -> . postfix_expr
    (95) postfix_expr -> . primary
    (96) postfix_expr -> . postfix_expr LPAREN args_opt RPAREN
    (97) postfix_expr -> . postfix_expr DOT IDENT
    (98) postfix_expr -> . postfix_expr LBRACKET expression RBRACKET
    (99) postfix_expr -> . postfix_expr DOT STAR
    (104) primary -> . STRUCT LBRACE struct_fields_opt RBRACE
    (105) primary -> . DOT LBRACE args_opt RBRACE
    (106) primary -> . INT
    (107) primary -> . STRING
    (108) primary -> . CHAR
    (109) primary -> . TRUE
    (110) primary -> . FALSE
    (111) primary -> . NULL
    (112) primary -> . UNDEFINED
    (113) primary -> . IDENT
    (114) primary -> . BUILTIN_IDENT
    (115) primary -> . LPAREN expression RPAREN

    MINUS           shift and go to state 50
    BANG            shift and go to state 51
    AMP             shift and go to state 52
    QUESTION        shift and go to state 53
    STRUCT          shift and go to state 58
    DOT             shift and go to state 57
    INT             shift and go to state 59
    STRING          shift and go to state 60
    CHAR            shift and go to state 61
    TRUE            shift and go to state 62
    FALSE           shift and go to state 63
    NULL            shift and go to state 64
    UNDEFINED       shift and go to state 65
    IDENT           shift and go to state 48
    BUILTIN_IDENT   shift and go to state 66
    LPAREN          shift and go to state 56

    expression                     shift and go to state 196
    postfix_expr                   shift and go to state 54
    primary                        shift and go to state 55

state 188

    (68) for_stmt -> FOR LPAREN . expression RPAREN PIPE IDENT PIPE block
    (76) expression -> . expression DOTDOT expression
    (77) expression -> . expression PLUS expression
    (78) expression -> . expression MINUS expression
    (79) expression -> . expression STAR expression
    (80) expression -> . expression SLASH expression
    (81) expression -> . expression PERCENT expression
    (82) expression -> . expression EQEQ expression
    (83) expression -> . expression NE expression
    (84) expression -> . expression LT expression
    (85) expression -> . expression LE expression
    (86) expression -> . expression GT expression
    (87) expression -> . expression GE expression
    (88) expression -> . expression ANDAND expression
    (89) expression -> . expression OROR expression
    (90) expression -> . MINUS expression
    (91) expression -> . BANG expression
    (92) expression -> . AMP expression
    (93) expression -> . QUESTION expression
    (94) expression -> . postfix_expr
    (95) postfix_expr -> . primary
    (96) postfix_expr -> . postfix_expr LPAREN args_opt RPAREN
    (97) postfix_expr -> . postfix_expr DOT IDENT
    (98) postfix_expr -> . postfix_expr LBRACKET expression RBRACKET
    (99) postfix_expr -> . postfix_expr DOT STAR
    (104) primary -> . STRUCT LBRACE struct_fields_opt RBRACE
    (105) primary -> . DOT LBRACE args_opt RBRACE
    (106) primary -> . INT
    (107) primary -> . STRING
    (108) primary -> . CHAR
    (109) primary -> . TRUE
    (110) primary -> . FALSE
    (111) primary -> . NULL
    (112) primary -> . UNDEFINED
    (113) primary -> . IDENT
    (114) primary -> . BUILTIN_IDENT
    (115) primary -> . LPAREN expression RPAREN

    MINUS           shift and go to state 50
    BANG            shift and go to state 51
    AMP             shift and go to state 52
    QUESTION        shift and go to state 53
    STRUCT          shift and go to state 58
    DOT             shift and go to state 57
    INT             shift and go to state 59
    STRING          shift and go to state 60
    CHAR            shift and go to state 61
    TRUE            shift and go to state 62
    FALSE           shift and go to state 63
    NULL            shift and go to state 64
    UNDEFINED       shift and go to state 65
    IDENT           shift and go to state 48
    BUILTIN_IDENT   shift and go to state 66
    LPAREN          shift and go to state 56

    expression                     shift and go to state 197
    postfix_expr                   shift and go to state 54
    primary                        shift and go to state 55

state 189

    (69) assignment -> postfix_expr EQ expression .
    (76) expression -> expression . DOTDOT expression
    (77) expression -> expression . PLUS expression
    (78) expression -> expression . MINUS expression
    (79) expression -> expression . STAR expression
    (80) expression -> expression . SLASH expression
    (81) expression -> expression . PERCENT expression
    (82) expression -> expression . EQEQ expression
    (83) expression -> expression . NE expression
    (84) expression -> expression . LT expression
    (85) expression -> expression . LE expression
    (86) expression -> expression . GT expression
    (87) expression -> expression . GE expression
    (88) expression -> expression . ANDAND expression
    (89) expression -> expression . OROR expression

    SEMICOLON       reduce using rule 69 (assignment -> postfix_expr EQ expression .)
    DOTDOT          shift and go to state 76
    PLUS            shift and go to state 77
    MINUS           shift and go to state 78
    STAR            shift and go to state 79
    SLASH           shift and go to state 80
    PERCENT         shift and go to state 81
    EQEQ            shift and go to state 82
    NE              shift and go to state 83
    LT              shift and go to state 84
    LE              shift and go to state 85
    GT              shift and go to state 86
    GE              shift and go to state 87
    ANDAND          shift and go to state 88
    OROR            shift and go to state 89


state 190

    (70) assignment -> postfix_expr PLUS_EQ expression .
    (76) expression -> expression . DOTDOT expression
    (77) expression -> expression . PLUS expression
    (78) expression -> expression . MINUS expression
    (79) expression -> expression . STAR expression
    (80) expression -> expression . SLASH expression
    (81) expression -> expression . PERCENT expression
    (82) expression -> expression . EQEQ expression
    (83) expression -> expression . NE expression
    (84) expression -> expression . LT expression
    (85) expression -> expression . LE expression
    (86) expression -> expression . GT expression
    (87) expression -> expression . GE expression
    (88) expression -> expression . ANDAND expression
    (89) expression -> expression . OROR expression

    SEMICOLON       reduce using rule 70 (assignment -> postfix_expr PLUS_EQ expression .)
    DOTDOT          shift and go to state 76
    PLUS            shift and go to state 77
    MINUS           shift and go to state 78
    STAR            shift and go to state 79
    SLASH           shift and go to state 80
    PERCENT         shift and go to state 81
    EQEQ            shift and go to state 82
    NE              shift and go to state 83
    LT              shift and go to state 84
    LE              shift and go to state 85
    GT              shift and go to state 86
    GE              shift and go to state 87
    ANDAND          shift and go to state 88
    OROR            shift and go to state 89


state 191

    (71) assignment -> postfix_expr MINUS_EQ expression .
    (76) expression -> expression . DOTDOT expression
    (77) expression -> expression . PLUS expression
    (78) expression -> expression . MINUS expression
    (79) expression -> expression . STAR expression
    (80) expression -> expression . SLASH expression
    (81) expression -> expression . PERCENT expression
    (82) expression -> expression . EQEQ expression
    (83) expression -> expression . NE expression
    (84) expression -> expression . LT expression
    (85) expression -> expression . LE expression
    (86) expression -> expression . GT expression
    (87) expression -> expression . GE expression
    (88) expression -> expression . ANDAND expression
    (89) expression -> expression . OROR expression

    SEMICOLON       reduce using rule 71 (assignment -> postfix_expr MINUS_EQ expression .)
    DOTDOT          shift and go to state 76
    PLUS            shift and go to state 77
    MINUS           shift and go to state 78
    STAR            shift and go to state 79
    SLASH           shift and go to state 80
    PERCENT         shift and go to state 81
    EQEQ            shift and go to state 82
    NE              shift and go to state 83
    LT              shift and go to state 84
    LE              shift and go to state 85
    GT              shift and go to state 86
    GE              shift and go to state 87
    ANDAND          shift and go to state 88
    OROR            shift and go to state 89


state 192

    (72) assignment -> postfix_expr STAR_EQ expression .
    (76) expression -> expression . DOTDOT expression
    (77) expression -> expression . PLUS expression
    (78) expression -> expression . MINUS expression
    (79) expression -> expression . STAR expression
    (80) expression -> expression . SLASH expression
    (81) expression -> expression . PERCENT expression
    (82) expression -> expression . EQEQ expression
    (83) expression -> expression . NE expression
    (84) expression -> expression . LT expression
    (85) expression -> expression . LE expression
    (86) expression -> expression . GT expression
    (87) expression -> expression . GE expression
    (88) expression -> expression . ANDAND expression
    (89) expression -> expression . OROR expression

    SEMICOLON       reduce using rule 72 (assignment -> postfix_expr STAR_EQ expression .)
    DOTDOT          shift and go to state 76
    PLUS            shift and go to state 77
    MINUS           shift and go to state 78
    STAR            shift and go to state 79
    SLASH           shift and go to state 80
    PERCENT         shift and go to state 81
    EQEQ            shift and go to state 82
    NE              shift and go to state 83
    LT              shift and go to state 84
    LE              shift and go to state 85
    GT              shift and go to state 86
    GE              shift and go to state 87
    ANDAND          shift and go to state 88
    OROR            shift and go to state 89


state 193

    (73) assignment -> postfix_expr SLASH_EQ expression .
    (76) expression -> expression . DOTDOT expression
    (77) expression -> expression . PLUS expression
    (78) expression -> expression . MINUS expression
    (79) expression -> expression . STAR expression
    (80) expression -> expression . SLASH expression
    (81) expression -> expression . PERCENT expression
    (82) expression -> expression . EQEQ expression
    (83) expression -> expression . NE expression
    (84) expression -> expression . LT expression
    (85) expression -> expression . LE expression
    (86) expression -> expression . GT expression
    (87) expression -> expression . GE expression
    (88) expression -> expression . ANDAND expression
    (89) expression -> expression . OROR expression

    SEMICOLON       reduce using rule 73 (assignment -> postfix_expr SLASH_EQ expression .)
    DOTDOT          shift and go to state 76
    PLUS            shift and go to state 77
    MINUS           shift and go to state 78
    STAR            shift and go to state 79
    SLASH           shift and go to state 80
    PERCENT         shift and go to state 81
    EQEQ            shift and go to state 82
    NE              shift and go to state 83
    LT              shift and go to state 84
    LE              shift and go to state 85
    GT              shift and go to state 86
    GE              shift and go to state 87
    ANDAND          shift and go to state 88
    OROR            shift and go to state 89


state 194

    (74) assignment -> postfix_expr PERCENT_EQ expression .
    (76) expression -> expression . DOTDOT expression
    (77) expression -> expression . PLUS expression
    (78) expression -> expression . MINUS expression
    (79) expression -> expression . STAR expression
    (80) expression -> expression . SLASH expression
    (81) expression -> expression . PERCENT expression
    (82) expression -> expression . EQEQ expression
    (83) expression -> expression . NE expression
    (84) expression -> expression . LT expression
    (85) expression -> expression . LE expression
    (86) expression -> expression . GT expression
    (87) expression -> expression . GE expression
    (88) expression -> expression . ANDAND expression
    (89) expression -> expression . OROR expression

    SEMICOLON       reduce using rule 74 (assignment -> postfix_expr PERCENT_EQ expression .)
    DOTDOT          shift and go to state 76
    PLUS            shift and go to state 77
    MINUS           shift and go to state 78
    STAR            shift and go to state 79
    SLASH           shift and go to state 80
    PERCENT         shift and go to state 81
    EQEQ            shift and go to state 82
    NE              shift and go to state 83
    LT              shift and go to state 84
    LE              shift and go to state 85
    GT              shift and go to state 86
    GE              shift and go to state 87
    ANDAND          shift and go to state 88
    OROR            shift and go to state 89


state 195

    (64) if_stmt -> IF LPAREN expression . RPAREN block else_opt
    (76) expression -> expression . DOTDOT expression
    (77) expression -> expression . PLUS expression
    (78) expression -> expression . MINUS expression
    (79) expression -> expression . STAR expression
    (80) expression -> expression . SLASH expression
    (81) expression -> expression . PERCENT expression
    (82) expression -> expression . EQEQ expression
    (83) expression -> expression . NE expression
    (84) expression -> expression . LT expression
    (85) expression -> expression . LE expression
    (86) expression -> expression . GT expression
    (87) expression -> expression . GE expression
    (88) expression -> expression . ANDAND expression
    (89) expression -> expression . OROR expression

    RPAREN          shift and go to state 198
    DOTDOT          shift and go to state 76
    PLUS            shift and go to state 77
    MINUS           shift and go to state 78
    STAR            shift and go to state 79
    SLASH           shift and go to state 80
    PERCENT         shift and go to state 81
    EQEQ            shift and go to state 82
    NE              shift and go to state 83
    LT              shift and go to state 84
    LE              shift and go to state 85
    GT              shift and go to state 86
    GE              shift and go to state 87
    ANDAND          shift and go to state 88
    OROR            shift and go to state 89


state 196

    (67) while_stmt -> WHILE LPAREN expression . RPAREN block
    (76) expression -> expression . DOTDOT expression
    (77) expression -> expression . PLUS expression
    (78) expression -> expression . MINUS expression
    (79) expression -> expression . STAR expression
    (80) expression -> expression . SLASH expression
    (81) expression -> expression . PERCENT expression
    (82) expression -> expression . EQEQ expression
    (83) expression -> expression . NE expression
    (84) expression -> expression . LT expression
    (85) expression -> expression . LE expression
    (86) expression -> expression . GT expression
    (87) expression -> expression . GE expression
    (88) expression -> expression . ANDAND expression
    (89) expression -> expression . OROR expression

    RPAREN          shift and go to state 199
    DOTDOT          shift and go to state 76
    PLUS            shift and go to state 77
    MINUS           shift and go to state 78
    STAR            shift and go to state 79
    SLASH           shift and go to state 80
    PERCENT         shift and go to state 81
    EQEQ            shift and go to state 82
    NE              shift and go to state 83
    LT              shift and go to state 84
    LE              shift and go to state 85
    GT              shift and go to state 86
    GE              shift and go to state 87
    ANDAND          shift and go to state 88
    OROR            shift and go to state 89


state 197

    (68) for_stmt -> FOR LPAREN expression . RPAREN PIPE IDENT PIPE block
    (76) expression -> expression . DOTDOT expression
    (77) expression -> expression . PLUS expression
    (78) expression -> expression . MINUS expression
    (79) expression -> expression . STAR expression
    (80) expression -> expression . SLASH expression
    (81) expression -> expression . PERCENT expression
    (82) expression -> expression . EQEQ expression
    (83) expression -> expression . NE expression
    (84) expression -> expression . LT expression
    (85) expression -> expression . LE expression
    (86) expression -> expression . GT expression
    (87) expression -> expression . GE expression
    (88) expression -> expression . ANDAND expression
    (89) expression -> expression . OROR expression

    RPAREN          shift and go to state 200
    DOTDOT          shift and go to state 76
    PLUS            shift and go to state 77
    MINUS           shift and go to state 78
    STAR            shift and go to state 79
    SLASH           shift and go to state 80
    PERCENT         shift and go to state 81
    EQEQ            shift and go to state 82
    NE              shift and go to state 83
    LT              shift and go to state 84
    LE              shift and go to state 85
    GT              shift and go to state 86
    GE              shift and go to state 87
    ANDAND          shift and go to state 88
    OROR            shift and go to state 89


state 198

    (64) if_stmt -> IF LPAREN expression RPAREN . block else_opt
    (46) block -> . LBRACE statements_opt RBRACE

    LBRACE          shift and go to state 141

    block                          shift and go to state 201

state 199

    (67) while_stmt -> WHILE LPAREN expression RPAREN . block
    (46) block -> . LBRACE statements_opt RBRACE

    LBRACE          shift and go to state 141

    block                          shift and go to state 202

state 200

    (68) for_stmt -> FOR LPAREN expression RPAREN . PIPE IDENT PIPE block

    PIPE            shift and go to state 203


state 201

    (64) if_stmt -> IF LPAREN expression RPAREN block . else_opt
    (65) else_opt -> . ELSE block
    (66) else_opt -> . empty
    (116) empty -> .

    ELSE            shift and go to state 205
    CONST           reduce using rule 116 (empty -> .)
    VAR             reduce using rule 116 (empty -> .)
    RETURN          reduce using rule 116 (empty -> .)
    BREAK           reduce using rule 116 (empty -> .)
    CONTINUE        reduce using rule 116 (empty -> .)
    IF              reduce using rule 116 (empty -> .)
    WHILE           reduce using rule 116 (empty -> .)
    FOR             reduce using rule 116 (empty -> .)
    MINUS           reduce using rule 116 (empty -> .)
    BANG            reduce using rule 116 (empty -> .)
    AMP             reduce using rule 116 (empty -> .)
    QUESTION        reduce using rule 116 (empty -> .)
    STRUCT          reduce using rule 116 (empty -> .)
    DOT             reduce using rule 116 (empty -> .)
    INT             reduce using rule 116 (empty -> .)
    STRING          reduce using rule 116 (empty -> .)
    CHAR            reduce using rule 116 (empty -> .)
    TRUE            reduce using rule 116 (empty -> .)
    FALSE           reduce using rule 116 (empty -> .)
    NULL            reduce using rule 116 (empty -> .)
    UNDEFINED       reduce using rule 116 (empty -> .)
    IDENT           reduce using rule 116 (empty -> .)
    BUILTIN_IDENT   reduce using rule 116 (empty -> .)
    LPAREN          reduce using rule 116 (empty -> .)
    RBRACE          reduce using rule 116 (empty -> .)

    else_opt                       shift and go to state 204
    empty                          shift and go to state 206

state 202

    (67) while_stmt -> WHILE LPAREN expression RPAREN block .

    CONST           reduce using rule 67 (while_stmt -> WHILE LPAREN expression RPAREN block .)
    VAR             reduce using rule 67 (while_stmt -> WHILE LPAREN expression RPAREN block .)
    RETURN          reduce using rule 67 (while_stmt -> WHILE LPAREN expression RPAREN block .)
    BREAK           reduce using rule 67 (while_stmt -> WHILE LPAREN expression RPAREN block .)
    CONTINUE        reduce using rule 67 (while_stmt -> WHILE LPAREN expression RPAREN block .)
    IF              reduce using rule 67 (while_stmt -> WHILE LPAREN expression RPAREN block .)
    WHILE           reduce using rule 67 (while_stmt -> WHILE LPAREN expression RPAREN block .)
    FOR             reduce using rule 67 (while_stmt -> WHILE LPAREN expression RPAREN block .)
    MINUS           reduce using rule 67 (while_stmt -> WHILE LPAREN expression RPAREN block .)
    BANG            reduce using rule 67 (while_stmt -> WHILE LPAREN expression RPAREN block .)
    AMP             reduce using rule 67 (while_stmt -> WHILE LPAREN expression RPAREN block .)
    QUESTION        reduce using rule 67 (while_stmt -> WHILE LPAREN expression RPAREN block .)
    STRUCT          reduce using rule 67 (while_stmt -> WHILE LPAREN expression RPAREN block .)
    DOT             reduce using rule 67 (while_stmt -> WHILE LPAREN expression RPAREN block .)
    INT             reduce using rule 67 (while_stmt -> WHILE LPAREN expression RPAREN block .)
    STRING          reduce using rule 67 (while_stmt -> WHILE LPAREN expression RPAREN block .)
    CHAR            reduce using rule 67 (while_stmt -> WHILE LPAREN expression RPAREN block .)
    TRUE            reduce using rule 67 (while_stmt -> WHILE LPAREN expression RPAREN block .)
    FALSE           reduce using rule 67 (while_stmt -> WHILE LPAREN expression RPAREN block .)
    NULL            reduce using rule 67 (while_stmt -> WHILE LPAREN expression RPAREN block .)
    UNDEFINED       reduce using rule 67 (while_stmt -> WHILE LPAREN expression RPAREN block .)
    IDENT           reduce using rule 67 (while_stmt -> WHILE LPAREN expression RPAREN block .)
    BUILTIN_IDENT   reduce using rule 67 (while_stmt -> WHILE LPAREN expression RPAREN block .)
    LPAREN          reduce using rule 67 (while_stmt -> WHILE LPAREN expression RPAREN block .)
    RBRACE          reduce using rule 67 (while_stmt -> WHILE LPAREN expression RPAREN block .)


state 203

    (68) for_stmt -> FOR LPAREN expression RPAREN PIPE . IDENT PIPE block

    IDENT           shift and go to state 207


state 204

    (64) if_stmt -> IF LPAREN expression RPAREN block else_opt .

    CONST           reduce using rule 64 (if_stmt -> IF LPAREN expression RPAREN block else_opt .)
    VAR             reduce using rule 64 (if_stmt -> IF LPAREN expression RPAREN block else_opt .)
    RETURN          reduce using rule 64 (if_stmt -> IF LPAREN expression RPAREN block else_opt .)
    BREAK           reduce using rule 64 (if_stmt -> IF LPAREN expression RPAREN block else_opt .)
    CONTINUE        reduce using rule 64 (if_stmt -> IF LPAREN expression RPAREN block else_opt .)
    IF              reduce using rule 64 (if_stmt -> IF LPAREN expression RPAREN block else_opt .)
    WHILE           reduce using rule 64 (if_stmt -> IF LPAREN expression RPAREN block else_opt .)
    FOR             reduce using rule 64 (if_stmt -> IF LPAREN expression RPAREN block else_opt .)
    MINUS           reduce using rule 64 (if_stmt -> IF LPAREN expression RPAREN block else_opt .)
    BANG            reduce using rule 64 (if_stmt -> IF LPAREN expression RPAREN block else_opt .)
    AMP             reduce using rule 64 (if_stmt -> IF LPAREN expression RPAREN block else_opt .)
    QUESTION        reduce using rule 64 (if_stmt -> IF LPAREN expression RPAREN block else_opt .)
    STRUCT          reduce using rule 64 (if_stmt -> IF LPAREN expression RPAREN block else_opt .)
    DOT             reduce using rule 64 (if_stmt -> IF LPAREN expression RPAREN block else_opt .)
    INT             reduce using rule 64 (if_stmt -> IF LPAREN expression RPAREN block else_opt .)
    STRING          reduce using rule 64 (if_stmt -> IF LPAREN expression RPAREN block else_opt .)
    CHAR            reduce using rule 64 (if_stmt -> IF LPAREN expression RPAREN block else_opt .)
    TRUE            reduce using rule 64 (if_stmt -> IF LPAREN expression RPAREN block else_opt .)
    FALSE           reduce using rule 64 (if_stmt -> IF LPAREN expression RPAREN block else_opt .)
    NULL            reduce using rule 64 (if_stmt -> IF LPAREN expression RPAREN block else_opt .)
    UNDEFINED       reduce using rule 64 (if_stmt -> IF LPAREN expression RPAREN block else_opt .)
    IDENT           reduce using rule 64 (if_stmt -> IF LPAREN expression RPAREN block else_opt .)
    BUILTIN_IDENT   reduce using rule 64 (if_stmt -> IF LPAREN expression RPAREN block else_opt .)
    LPAREN          reduce using rule 64 (if_stmt -> IF LPAREN expression RPAREN block else_opt .)
    RBRACE          reduce using rule 64 (if_stmt -> IF LPAREN expression RPAREN block else_opt .)


state 205

    (65) else_opt -> ELSE . block
    (46) block -> . LBRACE statements_opt RBRACE

    LBRACE          shift and go to state 141

    block                          shift and go to state 208

state 206

    (66) else_opt -> empty .

    CONST           reduce using rule 66 (else_opt -> empty .)
    VAR             reduce using rule 66 (else_opt -> empty .)
    RETURN          reduce using rule 66 (else_opt -> empty .)
    BREAK           reduce using rule 66 (else_opt -> empty .)
    CONTINUE        reduce using rule 66 (else_opt -> empty .)
    IF              reduce using rule 66 (else_opt -> empty .)
    WHILE           reduce using rule 66 (else_opt -> empty .)
    FOR             reduce using rule 66 (else_opt -> empty .)
    MINUS           reduce using rule 66 (else_opt -> empty .)
    BANG            reduce using rule 66 (else_opt -> empty .)
    AMP             reduce using rule 66 (else_opt -> empty .)
    QUESTION        reduce using rule 66 (else_opt -> empty .)
    STRUCT          reduce using rule 66 (else_opt -> empty .)
    DOT             reduce using rule 66 (else_opt -> empty .)
    INT             reduce using rule 66 (else_opt -> empty .)
    STRING          reduce using rule 66 (else_opt -> empty .)
    CHAR            reduce using rule 66 (else_opt -> empty .)
    TRUE            reduce using rule 66 (else_opt -> empty .)
    FALSE           reduce using rule 66 (else_opt -> empty .)
    NULL            reduce using rule 66 (else_opt -> empty .)
    UNDEFINED       reduce using rule 66 (else_opt -> empty .)
    IDENT           reduce using rule 66 (else_opt -> empty .)
    BUILTIN_IDENT   reduce using rule 66 (else_opt -> empty .)
    LPAREN          reduce using rule 66 (else_opt -> empty .)
    RBRACE          reduce using rule 66 (else_opt -> empty .)


state 207

    (68) for_stmt -> FOR LPAREN expression RPAREN PIPE IDENT . PIPE block

    PIPE            shift and go to state 209


state 208

    (65) else_opt -> ELSE block .

    CONST           reduce using rule 65 (else_opt -> ELSE block .)
    VAR             reduce using rule 65 (else_opt -> ELSE block .)
    RETURN          reduce using rule 65 (else_opt -> ELSE block .)
    BREAK           reduce using rule 65 (else_opt -> ELSE block .)
    CONTINUE        reduce using rule 65 (else_opt -> ELSE block .)
    IF              reduce using rule 65 (else_opt -> ELSE block .)
    WHILE           reduce using rule 65 (else_opt -> ELSE block .)
    FOR             reduce using rule 65 (else_opt -> ELSE block .)
    MINUS           reduce using rule 65 (else_opt -> ELSE block .)
    BANG            reduce using rule 65 (else_opt -> ELSE block .)
    AMP             reduce using rule 65 (else_opt -> ELSE block .)
    QUESTION        reduce using rule 65 (else_opt -> ELSE block .)
    STRUCT          reduce using rule 65 (else_opt -> ELSE block .)
    DOT             reduce using rule 65 (else_opt -> ELSE block .)
    INT             reduce using rule 65 (else_opt -> ELSE block .)
    STRING          reduce using rule 65 (else_opt -> ELSE block .)
    CHAR            reduce using rule 65 (else_opt -> ELSE block .)
    TRUE            reduce using rule 65 (else_opt -> ELSE block .)
    FALSE           reduce using rule 65 (else_opt -> ELSE block .)
    NULL            reduce using rule 65 (else_opt -> ELSE block .)
    UNDEFINED       reduce using rule 65 (else_opt -> ELSE block .)
    IDENT           reduce using rule 65 (else_opt -> ELSE block .)
    BUILTIN_IDENT   reduce using rule 65 (else_opt -> ELSE block .)
    LPAREN          reduce using rule 65 (else_opt -> ELSE block .)
    RBRACE          reduce using rule 65 (else_opt -> ELSE block .)


state 209

    (68) for_stmt -> FOR LPAREN expression RPAREN PIPE IDENT PIPE . block
    (46) block -> . LBRACE statements_opt RBRACE

    LBRACE          shift and go to state 141

    block                          shift and go to state 210

state 210

    (68) for_stmt -> FOR LPAREN expression RPAREN PIPE IDENT PIPE block .

    CONST           reduce using rule 68 (for_stmt -> FOR LPAREN expression RPAREN PIPE IDENT PIPE block .)
    VAR             reduce using rule 68 (for_stmt -> FOR LPAREN expression RPAREN PIPE IDENT PIPE block .)
    RETURN          reduce using rule 68 (for_stmt -> FOR LPAREN expression RPAREN PIPE IDENT PIPE block .)
    BREAK           reduce using rule 68 (for_stmt -> FOR LPAREN expression RPAREN PIPE IDENT PIPE block .)
    CONTINUE        reduce using rule 68 (for_stmt -> FOR LPAREN expression RPAREN PIPE IDENT PIPE block .)
    IF              reduce using rule 68 (for_stmt -> FOR LPAREN expression RPAREN PIPE IDENT PIPE block .)
    WHILE           reduce using rule 68 (for_stmt -> FOR LPAREN expression RPAREN PIPE IDENT PIPE block .)
    FOR             reduce using rule 68 (for_stmt -> FOR LPAREN expression RPAREN PIPE IDENT PIPE block .)
    MINUS           reduce using rule 68 (for_stmt -> FOR LPAREN expression RPAREN PIPE IDENT PIPE block .)
    BANG            reduce using rule 68 (for_stmt -> FOR LPAREN expression RPAREN PIPE IDENT PIPE block .)
    AMP             reduce using rule 68 (for_stmt -> FOR LPAREN expression RPAREN PIPE IDENT PIPE block .)
    QUESTION        reduce using rule 68 (for_stmt -> FOR LPAREN expression RPAREN PIPE IDENT PIPE block .)
    STRUCT          reduce using rule 68 (for_stmt -> FOR LPAREN expression RPAREN PIPE IDENT PIPE block .)
    DOT             reduce using rule 68 (for_stmt -> FOR LPAREN expression RPAREN PIPE IDENT PIPE block .)
    INT             reduce using rule 68 (for_stmt -> FOR LPAREN expression RPAREN PIPE IDENT PIPE block .)
    STRING          reduce using rule 68 (for_stmt -> FOR LPAREN expression RPAREN PIPE IDENT PIPE block .)
    CHAR            reduce using rule 68 (for_stmt -> FOR LPAREN expression RPAREN PIPE IDENT PIPE block .)
    TRUE            reduce using rule 68 (for_stmt -> FOR LPAREN expression RPAREN PIPE IDENT PIPE block .)
    FALSE           reduce using rule 68 (for_stmt -> FOR LPAREN expression RPAREN PIPE IDENT PIPE block .)
    NULL            reduce using rule 68 (for_stmt -> FOR LPAREN expression RPAREN PIPE IDENT PIPE block .)
    UNDEFINED       reduce using rule 68 (for_stmt -> FOR LPAREN expression RPAREN PIPE IDENT PIPE block .)
    IDENT           reduce using rule 68 (for_stmt -> FOR LPAREN expression RPAREN PIPE IDENT PIPE block .)
    BUILTIN_IDENT   reduce using rule 68 (for_stmt -> FOR LPAREN expression RPAREN PIPE IDENT PIPE block .)
    LPAREN          reduce using rule 68 (for_stmt -> FOR LPAREN expression RPAREN PIPE IDENT PIPE block .)
    RBRACE          reduce using rule 68 (for_stmt -> FOR LPAREN expression RPAREN PIPE IDENT PIPE block .)

WARNING: 
WARNING: Conflicts:
WARNING: 
WARNING: shift/reduce conflict for DOTDOT in state 112 resolved as shift
WARNING: shift/reduce conflict for PLUS in state 112 resolved as shift
WARNING: shift/reduce conflict for MINUS in state 112 resolved as shift
WARNING: shift/reduce conflict for STAR in state 112 resolved as shift
WARNING: shift/reduce conflict for SLASH in state 112 resolved as shift
WARNING: shift/reduce conflict for PERCENT in state 112 resolved as shift
WARNING: shift/reduce conflict for EQEQ in state 112 resolved as shift
WARNING: shift/reduce conflict for NE in state 112 resolved as shift
WARNING: shift/reduce conflict for LT in state 112 resolved as shift
WARNING: shift/reduce conflict for LE in state 112 resolved as shift
WARNING: shift/reduce conflict for GT in state 112 resolved as shift
WARNING: shift/reduce conflict for GE in state 112 resolved as shift
WARNING: shift/reduce conflict for ANDAND in state 112 resolved as shift
WARNING: shift/reduce conflict for OROR in state 112 resolved as shift
